CA City,Applications,lat,lng
San Diego,350740,32.8312,-117.1225
San Jose,312098,37.3019,-121.8486
San Francisco,215371,37.7562,-122.443
Sunnyvale,116523,37.3836,-122.0256
Palo Alto,96115,37.3913,-122.1468
Mountain View,89531,37.4,-122.0796
Fremont,75752,37.5265,-121.9852
Cupertino,71580,37.3168,-122.0465
Santa Clara,69989,37.3645,-121.968
Los Angeles,55271,34.1139,-118.4068
Irvine,57022,33.6772,-117.7738
Los Altos,40499,37.3685,-122.0966
Menlo Park,38078,37.4686,-122.1672
Saratoga,32671,37.2684,-122.0263
Redwood City,31466,37.5026,-122.2252
PALO ALTO,31381,37.3913,-122.1468
Los Gatos,28762,37.2303,-121.956
SAN FRANCISCO,28645,37.7562,-122.443
SUNNYVALE,28355,37.3836,-122.0256
San Mateo,27959,37.5521,-122.3122
Carlsbad,27525,33.1247,-117.2837
MOUNTAIN VIEW,27045,37.4,-122.0796
Pleasanton,26443,37.6663,-121.8805
Oakland,26372,37.7903,-122.2165
Berkeley,24545,37.8723,-122.276
CUPERTINO,23794,37.3168,-122.0465
Pasadena,21307,34.1597,-118.139
Milpitas,20887,37.4339,-121.8921
Foster City,20827,37.5553,-122.2659
Campbell,18523,37.2802,-121.9538
LOS ANGELES,18272,34.1139,-118.4068
FREMONT,18089,37.5265,-121.9852
San Ramon,17257,37.7625,-121.9365
Santa Barbara,16591,34.4285,-119.7202
San Carlos,16345,37.4982,-122.268
Belmont,16252,37.5154,-122.2955
SANTA CLARA,14832,37.3645,-121.968
Livermore,14776,37.6862,-121.7608
Encinitas,13391,33.049,-117.2613
Santa Cruz,12363,36.9789,-122.0346
MENLO PARK,12200,37.4686,-122.1672
LOS ALTOS,11959,37.3685,-122.0966
Stanford,11106,37.4252,-122.1674
Thousand Oaks,10788,34.1914,-118.8755
Los Altos Hills,10583,37.3671,-122.139
Burlingame,10529,37.586,-122.3669
Santa Monica,10422,34.0232,-118.4813
South San Francisco,9368,37.6536,-122.4197
Poway,9037,32.9871,-117.0201
Mission Viejo,8994,33.6095,-117.655
Davis,8947,38.5552,-121.7365
Huntington Beach,8943,33.696,-118.0025
SARATOGA,8943,37.2684,-122.0263
Del Mar,8756,32.9633,-117.2627
Danville,8631,37.8121,-121.9698
Portola Valley,8584,37.3713,-122.2203
Woodside,8526,37.4222,-122.2591
Union City,8270,37.603,-122.0187
Dublin,8223,37.7161,-121.8963
Morgan Hill,8185,37.1326,-121.6417
LOS GATOS,8166,37.2303,-121.956
Torrance,8029,33.8346,-118.3417
Newport Beach,7893,33.6151,-117.8669
Escondido,7892,33.1347,-117.0722
REDWOOD CITY,7855,37.5026,-122.2252
Goleta,7784,34.436,-119.8596
Laguna Niguel,7599,33.5275,-117.705
Santa Rosa,7483,38.4458,-122.7067
BERKELEY,7414,37.8723,-122.276
Alameda,7242,37.767,-122.2672
Hillsborough,7185,37.5573,-122.3587
Walnut Creek,7108,37.9024,-122.0398
CARLSBAD,7107,33.1247,-117.2837
PASADENA,7058,34.1597,-118.139
MILPITAS,6796,37.4339,-121.8921
Folsom,6759,38.6668,-121.1422
San Marcos,6637,33.135,-117.1744
Long Beach,6596,33.7981,-118.1675
Hayward,6416,37.6328,-122.0772
OAKLAND,6227,37.7903,-122.2165
Simi Valley,6198,34.2663,-118.749
SAN MATEO,6176,37.5521,-122.3122
PLEASANTON,6125,37.6663,-121.8805
Oceanside,5771,33.2247,-117.3083
SANTA BARBARA,5684,34.4285,-119.7202
Glendale,5608,34.1818,-118.2468
Vista,5561,33.1896,-117.2386
Aliso Viejo,5528,33.5792,-117.7289
San Clemente,5512,33.4498,-117.6103
Castro Valley,5421,37.7091,-122.0631
Redondo Beach,5351,33.8574,-118.3766
Sacramento,5175,38.5667,-121.4683
Beverly Hills,5019,34.0786,-118.4021
San Rafael,4843,37.9905,-122.5222
Newark,4835,37.5204,-122.0312
Pacifica,4801,37.6112,-122.4781
Mill Valley,4778,37.9085,-122.5421
Lake Forest,4715,33.6606,-117.6712
Costa Mesa,4598,33.6667,-117.9135
Rancho Santa Margarita,4532,33.6318,-117.5989
Orinda,4529,37.8808,-122.1791
Rancho Santa Fe,4526,33.024,-117.1992
FOSTER CITY,4524,37.5553,-122.2659
Arcadia,4515,34.1342,-118.0373
LIVERMORE,4513,37.6862,-121.7608
Rancho Palos Verdes,4464,33.7554,-118.3637
Riverside,4356,33.9381,-117.3948
TORRANCE,4321,33.8346,-118.3417
SAN CARLOS,4313,37.4982,-122.268
Solana Beach,4297,32.9942,-117.2575
THOUSAND OAKS,4275,34.1914,-118.8755
Tustin,4244,33.7309,-117.8106
Santa Ana,4224,33.7366,-117.8819
Half Moon Bay,4196,37.4688,-122.4383
Emeryville,4133,37.8382,-122.2932
Anaheim,4130,33.839,-117.8572
Atherton,4111,37.4539,-122.2032
Albany,4102,37.8898,-122.3018
Camarillo,4060,34.223,-119.0322
Scotts Valley,4039,37.0555,-122.0118
SAN RAMON,4009,37.7625,-121.9365
Moraga,3923,37.8439,-122.1225
CAMPBELL,3901,37.2802,-121.9538
Orange,3878,33.8038,-117.8218
Burbank,3872,34.1879,-118.3235
Laguna Beach,3864,33.5448,-117.7612
Temecula,3714,33.4928,-117.1315
Richmond,3627,37.9477,-122.339
Lafayette,3586,37.8919,-122.1189
DAVIS,3583,38.5552,-121.7365
ENCINITAS,3556,33.049,-117.2613
SANTA CRUZ,3542,36.9789,-122.0346
Yorba Linda,3519,33.889,-117.7714
El Cerrito,3505,37.9197,-122.3025
MISSION VIEJO,3496,33.6095,-117.655
Laguna Hills,3496,33.592,-117.6992
Manhattan Beach,3493,33.8895,-118.3972
LONG BEACH,3492,33.7981,-118.1675
Corona,3490,33.8616,-117.5649
Culver City,3482,34.0058,-118.3968
SANTA ROSA,3481,38.4458,-122.7067
BELMONT,3465,37.5154,-122.2955
San Leandro,3461,37.7071,-122.1601
El Dorado Hills,3440,38.675,-121.049
Millbrae,3390,37.5994,-122.4023
Westlake Village,3357,34.1369,-118.822
Gilroy,3318,37.0047,-121.5855
Fullerton,3294,33.8841,-117.9279
San Bruno,3283,37.6254,-122.4313
Novato,3154,38.092,-122.5576
LOS ALTOS HILLS,3152,37.3671,-122.139
SANTA MONICA,3106,34.0232,-118.4813
Petaluma,3012,38.2423,-122.6267
NEWPORT BEACH,2999,33.6151,-117.8669
DEL MAR,2963,32.9633,-117.2627
STANFORD,2950,37.4252,-122.1674
San Juan Capistrano,2931,33.5009,-117.6544
ESCONDIDO,2925,33.1347,-117.0722
Piedmont,2918,37.8226,-122.23
DANVILLE,2908,37.8121,-121.9698
MORGAN HILL,2899,37.1326,-121.6417
Monte Sereno,2889,37.2404,-121.9882
REDONDO BEACH,2887,33.8574,-118.3766
SANTA ANA,2875,33.7366,-117.8819
Calabasas,2830,34.1375,-118.6689
PORTOLA VALLEY,2815,37.3713,-122.2203
Concord,2704,37.9722,-122.0016
SOUTH SAN FRANCISCO,2697,37.6536,-122.4197
Altadena,2693,34.1928,-118.1345
Aptos,2639,36.9912,-121.8934
LAGUNA NIGUEL,2632,33.5275,-117.705
Daly City,2595,37.6862,-122.4685
ANAHEIM,2564,33.839,-117.8572
Roseville,2546,38.7703,-121.3196
POWAY,2543,32.9871,-117.0201
South Pasadena,2522,34.1103,-118.1573
WALNUT CREEK,2509,37.9024,-122.0398
Tracy,2476,37.7269,-121.4522
Ladera Ranch,2448,33.5491,-117.6416
GOLETA,2439,34.436,-119.8596
Dana Point,2398,33.4733,-117.6968
Fountain Valley,2371,33.7105,-117.9514
Malibu,2371,34.0368,-118.7845
GLENDALE,2354,34.1818,-118.2468
COSTA MESA,2322,33.6667,-117.9135
SACRAMENTO,2295,38.5667,-121.4683
WOODSIDE,2287,37.4222,-122.2591
FULLERTON,2281,33.8841,-117.9279
Agoura Hills,2231,34.151,-118.7608
Chula Vista,2222,32.6281,-117.0145
Alamo,2173,37.8546,-122.013
HAYWARD,2160,37.6328,-122.0772
BURLINGAME,2160,37.586,-122.3669
San Luis Obispo,2136,35.2669,-120.6691
Cerritos,2130,33.8677,-118.0686
Oak Park,2111,34.1849,-118.7669
Santa Clarita,2098,34.4175,-118.4964
Moorpark,2070,34.2855,-118.877
El Segundo,2056,33.9169,-118.4021
Fresno,2048,36.7831,-119.7941
UNION CITY,2045,37.603,-122.0187
Pleasant Hill,2042,37.954,-122.0759
ORANGE,2014,33.8038,-117.8218
Murrieta,2013,33.572,-117.1909
Diamond Bar,2001,33.9991,-117.8161
SIMI VALLEY,1994,34.2663,-118.749
Bakersfield,1993,35.3529,-119.0359
ALAMEDA,1980,37.767,-122.2672
ATHERTON,1978,37.4539,-122.2032
San Marino,1964,34.1224,-118.1132
BEVERLY HILLS,1954,34.0786,-118.4021
RIVERSIDE,1946,33.9381,-117.3948
YORBA LINDA,1941,33.889,-117.7714
Brisbane,1906,37.6898,-122.402
TUSTIN,1838,33.7309,-117.8106
Ramona,1822,33.0474,-116.8767
CAMARILLO,1786,34.223,-119.0322
MANHATTAN BEACH,1785,33.8895,-118.3972
Monrovia,1784,34.165,-117.9921
FOLSOM,1779,38.6668,-121.1422
HUNTINGTON BEACH,1751,33.696,-118.0025
Tiburon,1750,37.8854,-122.4637
El Cajon,1746,32.8017,-116.9605
SAN RAFAEL,1746,37.9905,-122.5222
VISTA,1729,33.1896,-117.2386
NEWARK,1728,37.5204,-122.0312
Chino Hills,1688,33.9508,-117.7253
Walnut,1666,34.0334,-117.8593
MODESTO,1654,37.6374,-121.0028
OCEANSIDE,1653,33.2247,-117.3083
ARCADIA,1646,34.1342,-118.0373
Oxnard,1642,34.1963,-119.1815
Fallbrook,1634,33.3693,-117.2259
Garden Grove,1631,33.7787,-117.9601
Hermosa Beach,1625,33.8654,-118.3966
Modesto,1620,37.6374,-121.0028
HILLSBOROUGH,1593,37.5573,-122.3587
Rancho Cucamonga,1578,34.1248,-117.5666
LAKE FOREST,1562,33.6606,-117.6712
LAGUNA HILLS,1555,33.592,-117.6992
Boulder Creek,1527,37.1341,-122.1271
Hollister,1527,36.8563,-121.3981
Kensington,1522,37.9084,-122.2805
SAN CLEMENTE,1493,33.4498,-117.6103
East Palo Alto,1486,37.4671,-122.1352
LAGUNA BEACH,1473,33.5448,-117.7612
La Mesa,1456,32.7703,-117.0204
Marina Del Rey,1439,33.9765,-118.4486
San Gabriel,1436,34.0948,-118.099
Brea,1414,33.9254,-117.8656
Monterey Park,1403,34.0497,-118.1326
Santee,1398,32.8554,-116.9851
FOUNTAIN VALLEY,1390,33.7105,-117.9514
EL CERRITO,1387,37.9197,-122.3025
PACIFICA,1386,37.6112,-122.4781
Napa,1385,38.2976,-122.3011
ORINDA,1382,37.8808,-122.1791
SOLANA BEACH,1363,32.9942,-117.2575
Alhambra,1358,34.084,-118.1355
Claremont,1345,34.1259,-117.7153
Stevenson Ranch,1344,34.3894,-118.5885
LAFAYETTE,1344,37.8919,-122.1189
CONCORD,1337,37.9722,-122.0016
RICHMOND,1324,37.9477,-122.339
RANCHO SANTA FE,1306,33.024,-117.1992
Sausalito,1294,37.858,-122.4932
DUBLIN,1290,37.7161,-121.8963
SAN MARCOS,1274,33.135,-117.1744
Marina del Rey,1267,33.9765,-118.4486
CULVER CITY,1250,34.0058,-118.3968
Placentia,1244,33.8807,-117.8553
SCOTTS VALLEY,1223,37.0555,-122.0118
Cypress,1220,33.8171,-118.0386
MALIBU,1217,34.0368,-118.7845
El Granada,1216,37.5134,-122.466
Salinas,1212,36.6884,-121.6317
SAN LEANDRO,1207,37.7071,-122.1601
ALTADENA,1179,34.1928,-118.1345
Hercules,1176,38.0064,-122.2564
Glendora,1175,34.1449,-117.8468
NOVATO,1162,38.092,-122.5576
MORAGA,1158,37.8439,-122.1225
West Hollywood,1157,34.0882,-118.3718
Martinez,1152,37.9985,-122.116
CASTRO VALLEY,1151,37.7091,-122.0631
Elk Grove,1149,38.416,-121.3842
Soquel,1148,36.9978,-121.9482
MILL VALLEY,1139,37.9085,-122.5421
West Covina,1136,34.0555,-117.9112
San Anselmo,1134,37.9821,-122.5699
BURBANK,1134,34.1879,-118.3235
Upland,1129,34.1178,-117.6603
Watsonville,1126,36.9206,-121.7706
Rocklin,1106,38.8075,-121.2488
Granite Bay,1098,38.7601,-121.1714
SALINAS,1097,36.6884,-121.6317
Windsor,1096,38.5417,-122.8086
ALBANY,1092,37.8898,-122.3018
CORONA,1088,33.8616,-117.5649
Brentwood,1084,37.9355,-121.7191
Ridgecrest,1080,35.6308,-117.6621
Westminster,1076,33.7523,-117.9938
Coto de Caza,1071,33.5961,-117.5862
HALF MOON BAY,1071,37.4688,-122.4383
Hacienda Heights,1070,33.997,-117.9728
Fairfield,1069,38.2592,-122.0324
RIDGECREST,1069,35.6308,-117.6621
FRESNO,1067,36.7831,-119.7941
Chino,1065,33.9836,-117.6654
APTOS,1058,36.9912,-121.8934
GARDEN GROVE,1051,33.7787,-117.9601
Vacaville,1043,38.359,-121.968
Moss Beach,1042,37.5184,-122.5036
Whittier,1020,33.9678,-118.0188
EMERYVILLE,1020,37.8382,-122.2932
Sebastopol,1015,38.4001,-122.8276
Duarte,1008,34.161,-117.9504
MOORPARK,1000,34.2855,-118.877
GILROY,999,37.0047,-121.5855
BAKERSFIELD,992,35.3529,-119.0359
Castaic,989,34.4818,-118.6317
Grass Valley,985,39.2237,-121.0521
BREA,983,33.9254,-117.8656
Arroyo Grande,983,35.1241,-120.5845
DIAMOND BAR,977,33.9991,-117.8161
ALISO VIEJO,975,33.5792,-117.7289
TEMECULA,969,33.4928,-117.1315
PLACENTIA,967,33.8807,-117.8553
Benicia,966,38.0725,-122.1525
Woodland,958,38.6712,-121.75
DALY CITY,957,37.6862,-122.4685
Redlands,952,34.0511,-117.1712
Felton,949,37.0392,-122.0804
RANCHO PALOS VERDES,948,33.7554,-118.3637
BOULDER CREEK,947,37.1341,-122.1271
Ojai,939,34.4487,-119.2469
OXNARD,938,34.1963,-119.1815
WHITTIER,926,33.9678,-118.0188
Pomona,919,34.0585,-117.7626
Ontario,908,34.0393,-117.6064
Temple City,908,34.1021,-118.0579
Corte Madera,904,37.9238,-122.5129
CERRITOS,904,33.8677,-118.0686
HERMOSA BEACH,895,33.8654,-118.3966
EL CAJON,892,32.8017,-116.9605
Hawthorne,891,33.9146,-118.3476
Montara,885,37.5482,-122.4924
GLENDORA,885,34.1449,-117.8468
PETALUMA,881,38.2423,-122.6267
SAN MARINO,877,34.1224,-118.1132
Palos Verdes Estates,875,33.7871,-118.3976
SAN BRUNO,873,37.6254,-122.4313
CALABASAS,862,34.1375,-118.6689
Ben Lomond,858,37.0782,-122.0882
EL DORADO HILLS,854,38.675,-121.049
EL SEGUNDO,853,33.9169,-118.4021
Stockton,852,37.9765,-121.3109
Sierra Madre,850,34.1687,-118.0504
Rowland Heights,846,33.9716,-117.8911
ALAMO,818,37.8546,-122.013
MONTE SERENO,817,37.2404,-121.9882
AGOURA HILLS,809,34.151,-118.7608
ROSEVILLE,807,38.7703,-121.3196
Seal Beach,800,33.7542,-118.0714
SOUTH PASADENA,797,34.1103,-118.1573
Coto De Caza,795,33.5961,-117.5862
Antioch,794,37.9789,-121.7958
Palmdale,785,34.5944,-118.1057
Gardena,778,33.8944,-118.3073
Vallejo,776,38.1133,-122.2358
Lakewood,775,33.8471,-118.1221
MONROVIA,774,34.165,-117.9921
UPLAND,769,34.1178,-117.6603
Fontana,767,34.0968,-117.4599
Rancho Cordova,764,38.574,-121.2523
La Honda,760,37.3182,-122.2651
CLAREMONT,759,34.1259,-117.7153
Lancaster,751,34.6935,-118.1753
TRACY,737,37.7269,-121.4522
MARINA DEL REY,736,33.9765,-118.4486
RANCHO SANTA MARGARITA,729,33.6318,-117.5989
CHULA VISTA,725,32.6281,-117.0145
WESTMINSTER,724,33.7523,-117.9938
Auburn,715,38.895,-121.0778
El Sobrante,714,33.8724,-117.4625
Chico,706,39.7575,-121.8152
Coronado,704,32.664,-117.16
LA MESA,699,32.7703,-117.0204
DANA POINT,697,33.4733,-117.6968
Clovis,693,36.8278,-119.6831
MILLBRAE,688,37.5994,-122.4023
Valley Center,683,33.233,-117.0157
WESTLAKE VILLAGE,677,34.1369,-118.822
Rohnert Park,670,38.348,-122.6964
PIEDMONT,667,37.8226,-122.23
Buena Park,664,33.8572,-118.0046
WALNUT,662,34.0334,-117.8593
Capitola,654,36.9772,-121.9538
Mountain House,638,37.774,-121.5452
STOCKTON,638,37.9765,-121.3109
Sonoma,637,38.2902,-122.4598
Monterey,637,36.5922,-121.8807
KENSINGTON,632,37.9084,-122.2805
ONTARIO,627,34.0393,-117.6064
Rolling Hills Estates,625,33.7783,-118.3509
El Monte,621,34.0739,-118.0291
CHINO HILLS,616,33.9508,-117.7253
Fair Oaks,616,38.6504,-121.2497
Covina,610,34.0903,-117.8817
San Martin,607,37.0829,-121.5963
Fairfax,607,37.9886,-122.5952
GRASS VALLEY,602,39.2237,-121.0521
ALHAMBRA,600,34.084,-118.1355
Ross,598,37.9638,-122.5615
Larkspur,597,37.9393,-122.5313
FALLBROOK,595,33.3693,-117.2259
Lincoln,592,38.8759,-121.2916
GARDENA,590,33.8944,-118.3073
Placerville,588,38.7308,-120.7978
CYPRESS,588,33.8171,-118.0386
HERCULES,579,38.0064,-122.2564
PLEASANT HILL,578,37.954,-122.0759
MARTINEZ,573,37.9985,-122.116
San Dimas,571,34.1082,-117.809
Carmichael,569,38.6337,-121.323
Healdsburg,568,38.6229,-122.8651
SAN GABRIEL,565,34.0948,-118.099
Nevada City,561,39.2607,-121.0231
Manteca,561,37.7927,-121.2264
POMONA,559,34.0585,-117.7626
COVINA,559,34.0903,-117.8817
Downey,554,33.9379,-118.1312
VACAVILLE,553,38.359,-121.968
SANTA CLARITA,553,34.4175,-118.4964
Lompoc,549,34.6618,-120.4714
Villa Park,548,33.818,-117.8104
SAN LUIS OBISPO,541,35.2669,-120.6691
SAN JUAN CAPISTRANO,538,33.5009,-117.6544
Visalia,531,36.3276,-119.3269
LA HABRA,526,33.9278,-117.9513
Redding,521,40.5698,-122.365
Merced,516,37.3057,-120.4778
Lakeside,516,32.856,-116.904
ANTIOCH,516,37.9789,-121.7958
NEVADA CITY,512,39.2607,-121.0231
HAWTHORNE,511,33.9146,-118.3476
Bonita,507,32.6652,-117.0295
FAIR OAKS,505,38.6504,-121.2497
RAMONA,504,33.0474,-116.8767
La Mirada,503,33.9025,-118.0093
Atascadero,501,35.4827,-120.6858
CHINO,501,33.9836,-117.6654
SIERRA MADRE,498,34.1687,-118.0504
LAKEWOOD,497,33.8471,-118.1221
HOLLISTER,497,36.8563,-121.3981
Santa Maria,496,34.9334,-120.4432
Los Alamitos,493,33.7972,-118.0594
West Sacramento,488,38.5557,-121.5504
REDLANDS,487,34.0511,-117.1712
NAPA,484,38.2976,-122.3011
Clayton,482,37.9403,-121.9301
BENICIA,480,38.0725,-122.1525
Pacific Grove,477,36.6192,-121.9255
SAN DIMAS,474,34.1082,-117.809
Azusa,472,34.1386,-117.9124
WEST COVINA,469,34.0555,-117.9112
Shingle Springs,467,38.6665,-120.937
WATSONVILLE,466,36.9206,-121.7706
Jamul,461,32.7184,-116.8709
SEAL BEACH,456,33.7542,-118.0714
Topanga,456,34.0964,-118.6053
SAUSALITO,454,37.858,-122.4932
Palm Desert,453,33.7378,-116.3695
Carpinteria,453,34.3962,-119.5118
Carson,453,33.8374,-118.2559
TIBURON,451,37.8854,-122.4637
Moreno Valley,448,33.9244,-117.2045
La Habra,446,33.9278,-117.9513
Discovery Bay,444,37.9071,-121.6076
DOWNEY,443,33.9379,-118.1312
PLACERVILLE,440,38.7308,-120.7978
Montecito,439,34.4382,-119.6286
Lake Elsinore,438,33.6847,-117.3344
Cameron Park,436,38.6737,-120.9872
Pinole,434,37.9931,-122.2834
LOS ALAMITOS,429,33.7972,-118.0594
La Verne,427,34.1208,-117.7702
Truckee,427,39.3455,-120.1848
SAN ANSELMO,422,37.9821,-122.5699
SOQUEL,421,36.9978,-121.9482
CITRUS HEIGHTS,420,38.6948,-121.288
SEBASTOPOL,413,38.4001,-122.8276
BUENA PARK,406,33.8572,-118.0046
RANCHO CORDOVA,404,38.574,-121.2523
MURRIETA,403,33.572,-117.1909
Turlock,403,37.5053,-120.8588
SANTEE,401,32.8554,-116.9851
LA MIRADA,397,33.9025,-118.0093
Spring Valley,395,32.7316,-116.9766
Norco,394,33.9252,-117.5499
WOODLAND,394,38.6712,-121.75
Orangevale,389,38.6881,-121.2209
CHICO,387,39.7575,-121.8152
Palm Springs,386,33.8017,-116.5382
Santa Fe Springs,385,33.933,-118.0625
Gold River,383,38.6268,-121.2488
AUBURN,383,38.895,-121.0778
EL GRANADA,382,37.5134,-122.466
Loomis,382,38.8093,-121.1955
Rosemead,379,34.0689,-118.0823
ELK GROVE,379,38.416,-121.3842
Loma Linda,376,34.0451,-117.2498
MOSS BEACH,370,37.5184,-122.5036
Yucaipa,369,34.0336,-117.0429
Highland,368,34.1113,-117.1654
Kentfield,366,37.9481,-122.5496
EL SOBRANTE,356,33.8724,-117.4625
VILLA PARK,354,33.818,-117.8104
LA HONDA,354,37.3182,-122.2651
SANTA MARIA,353,34.9334,-120.4432
Inglewood,350,33.9566,-118.3444
MONTEREY PARK,347,34.0497,-118.1326
PALMDALE,346,34.5944,-118.1057
LA VERNE,345,34.1208,-117.7702
Alpine,345,32.8439,-116.7585
ORANGEVALE,345,38.6881,-121.2209
OJAI,343,34.4487,-119.2469
Citrus Heights,340,38.6948,-121.288
COTO DE CAZA,332,33.5961,-117.5862
FELTON,330,37.0392,-122.0804
Lodi,330,38.1218,-121.2932
VISALIA,329,36.3276,-119.3269
Menifee,324,33.6909,-117.1849
PINOLE,323,37.9931,-122.2834
FAIRFIELD,315,38.2592,-122.0324
Buellton,314,34.6152,-120.1943
LOMPOC,313,34.6618,-120.4714
CARMICHAEL,313,38.6337,-121.323
Winters,310,38.532,-121.9781
CAMERON PARK,310,38.6737,-120.9872
LANCASTER,309,34.6935,-118.1753
CARSON,309,33.8374,-118.2559
Lomita,307,33.7933,-118.3175
Winchester,306,33.7146,-117.0775
DUARTE,306,34.161,-117.9504
VALLEJO,302,38.1133,-122.2358
LAKE ELSINORE,302,33.6847,-117.3344
La Palma,298,33.8504,-118.0406
REDDING,297,40.5698,-122.365
INGLEWOOD,296,33.9566,-118.3444
CLOVIS,296,36.8278,-119.6831
EAST PALO ALTO,295,37.4671,-122.1352
CASTAIC,293,34.4818,-118.6317
American Canyon,286,38.1796,-122.2583
San Lorenzo,286,37.6737,-122.1349
TEMPLE CITY,286,34.1021,-118.0579
Perris,285,33.7899,-117.2233
Sunol,285,37.5894,-121.8854
OAK PARK,283,34.1849,-118.7669
CLAYTON,282,37.9403,-121.9301
MONTARA,281,37.5482,-122.4924
CORTE MADERA,281,37.9238,-122.5129
CAPITOLA,279,36.9772,-121.9538
San Bernardino,278,34.1417,-117.2946
BRENTWOOD,278,37.9355,-121.7191
Pittsburg,277,38.0182,-121.8964
Penngrove,276,38.3005,-122.6707
CARPINTERIA,275,34.3962,-119.5118
Hemet,274,33.7341,-116.9969
San Pablo,271,37.9628,-122.3425
BEN LOMOND,271,37.0782,-122.0882
Rancho Mirage,270,33.7634,-116.4271
VALLEY CENTER,270,33.233,-117.0157
Tehachapi,270,35.1274,-118.4749
BRISBANE,269,37.6898,-122.402
TOPANGA,269,34.0964,-118.6053
ROCKLIN,267,38.8075,-121.2488
ROHNERT PARK,267,38.348,-122.6964
Los Osos,260,35.3068,-120.8249
SHINGLE SPRINGS,259,38.6665,-120.937
La Quinta,259,33.6536,-116.2785
RANCHO CUCAMONGA,258,34.1248,-117.5666
BELLFLOWER,255,33.888,-118.1271
LOMITA,252,33.7933,-118.3175
Baldwin Park,252,34.0829,-117.9721
ROWLAND HEIGHTS,251,33.9716,-117.8911
WEST HOLLYWOOD,251,34.0882,-118.3718
FAIRFAX,251,37.9886,-122.5952
Sonora,251,37.9819,-120.3828
Rolling Hills,250,33.76,-118.3471
LARKSPUR,250,37.9393,-122.5313
Bonsall,248,33.2761,-117.1942
Montebello,248,34.0155,-118.1108
Norwalk,244,33.9069,-118.0829
CORONADO,243,32.664,-117.16
LAKESIDE,242,32.856,-116.904
FONTANA,242,34.0968,-117.4599
MONTEREY,241,36.5922,-121.8807
Acton,240,34.4956,-118.1857
BONITA,240,32.6652,-117.0295
Dixon,239,38.4468,-121.8249
PALM SPRINGS,237,33.8017,-116.5382
Pico Rivera,236,33.9902,-118.0888
Yuba City,235,39.1357,-121.6381
Solvang,233,34.5936,-120.1401
Apple Valley,230,34.5328,-117.2104
Eastvale,230,33.9617,-117.5802
MANTECA,230,37.7927,-121.2264
SAN BERNARDINO,229,34.1417,-117.2946
GRANITE BAY,227,38.7601,-121.1714
PALM DESERT,226,33.7378,-116.3695
Stanton,225,33.8002,-117.9935
Pismo Beach,224,35.1484,-120.6492
Signal Hill,220,33.8029,-118.1681
Wildomar,217,33.6173,-117.2582
PITTSBURG,216,38.0182,-121.8964
Antelope,215,38.7153,-121.361
Cotati,215,38.3279,-122.7092
SPRING VALLEY,214,32.7316,-116.9766
EL MONTE,214,34.0739,-118.0291
LODI,213,38.1218,-121.2932
STEVENSON RANCH,213,34.3894,-118.5885
AZUSA,213,34.1386,-117.9124
MORENO VALLEY,212,33.9244,-117.2045
Belvedere,212,37.8735,-122.4662
SAN MARTIN,212,37.0829,-121.5963
ALPINE,212,32.8439,-116.7585
NORCO,210,33.9252,-117.5499
Commerce,209,33.9963,-118.1519
Le Grand,208,37.2288,-120.254
LOMA LINDA,207,34.0451,-117.2498
South Lake Tahoe,207,38.9393,-119.9828
Lawndale,204,33.8884,-118.3531
HEMET,201,33.7341,-116.9969
Victorville,200,34.5277,-117.3536
Grover Beach,200,35.1204,-120.6199
Summerland,198,34.4255,-119.5893
La Puente,198,34.0323,-117.9533
Beaumont,198,33.9076,-116.9766
BALDWIN PARK,195,34.0829,-117.9721
ATASCADERO,195,35.4827,-120.6858
PALOS VERDES ESTATES,194,33.7871,-118.3976
La Habra Heights,194,33.9602,-117.951
Madera,193,36.9631,-120.0782
ARROYO GRANDE,193,35.1241,-120.5845
Santa Ynez,193,34.6151,-120.0944
MONTEBELLO,192,34.0155,-118.1108
HACIENDA HEIGHTS,191,33.997,-117.9728
WINDSOR,189,38.5417,-122.8086
SONOMA,187,38.2902,-122.4598
TURLOCK,186,37.5053,-120.8588
Patterson,186,37.4758,-121.1535
Colton,184,34.0538,-117.3254
North Tustin,183,33.7644,-117.7945
LAWNDALE,181,33.8884,-118.3531
Santa Rosa Valley,181,34.2453,-118.9023
Agua Dulce,180,34.5044,-118.316
NORWALK,177,33.9069,-118.0829
Ukiah,177,39.1463,-123.2105
Aromas,176,36.8771,-121.6404
LADERA RANCH,175,33.5491,-117.6416
Hesperia,173,34.3975,-117.3147
LA PALMA,171,33.8504,-118.0406
Calistoga,171,38.5818,-122.5824
HEALDSBURG,170,38.6229,-122.8651
YUBA CITY,169,39.1357,-121.6381
MONTECITO,167,34.4382,-119.6286
JAMUL,166,32.7184,-116.8709
LOOMIS,164,38.8093,-121.1955
Canyon Lake,164,33.6885,-117.2621
Port Hueneme,164,34.1617,-119.2036
Rossmoor,163,33.7886,-118.0803
Imperial Beach,162,32.5689,-117.1184
ROLLING HILLS,162,33.76,-118.3471
ROSS,160,37.9638,-122.5615
Bellflower,159,33.888,-118.1271
PACIFIC GROVE,158,36.6192,-121.9255
COTATI,157,38.3279,-122.7092
Seaside,156,36.6224,-121.8191
SANTA YNEZ,156,34.6151,-120.0944
KENTFIELD,151,37.9481,-122.5496
Eureka,151,40.7942,-124.1568
Ripon,150,37.7417,-121.131
Oakdale,149,37.7616,-120.847
Cloverdale,148,38.7961,-123.0151
Mammoth Lakes,147,37.6273,-118.99
Lemon Grove,146,32.7331,-117.0344
Lake Arrowhead,146,34.2531,-117.1945
St. Helena,145,38.5063,-122.4682
PORT HUENEME,145,34.1617,-119.2036
Nipomo,144,35.0323,-120.4991
ROLLING HILLS ESTATES,144,33.7783,-118.3509
Kingsburg,144,36.5245,-119.5602
Marina,143,36.6812,-121.7895
YUCAIPA,143,34.0336,-117.0429
Santa Paula,142,34.3521,-119.0698
ROSEMEAD,141,34.0689,-118.0823
WEST SACRAMENTO,141,38.5557,-121.5504
Irwindale,141,34.1121,-117.9636
PARADISE,140,39.7558,-121.6063
SONORA,139,37.9819,-120.3828
LE GRAND,138,37.2288,-120.254
UKIAH,137,39.1463,-123.2105
La Selva Beach,136,36.9276,-121.8445
MADERA,135,36.9631,-120.0782
RANCHO MIRAGE,135,33.7634,-116.4271
RIALTO,134,34.1174,-117.3894
Laguna Woods,133,33.6098,-117.7299
HIGHLAND,133,34.1113,-117.1654
BYRON,132,37.8756,-121.642
Forestville,132,38.4825,-122.8899
Lathrop,131,37.809,-121.3131
MERCED,131,37.3057,-120.4778
GOLD RIVER,131,38.6268,-121.2488
Indio,131,33.7346,-116.2346
Templeton,131,35.556,-120.7182
Paramount,129,33.8976,-118.1652
Bell Canyon,129,34.2081,-118.6876
SOLVANG,128,34.5936,-120.1401
Porterville,128,36.0644,-119.0338
Las Flores,128,33.5838,-117.6235
OROVILLE,127,39.4999,-121.5634
LOS OSOS,125,35.3068,-120.8249
Newcastle,125,38.8677,-121.1318
APPLE VALLEY,124,34.5328,-117.2104
Coarsegold,122,37.2526,-119.7
Oakley,121,37.9929,-121.6951
SUNOL,121,37.5894,-121.8854
Grand Terrace,120,34.0312,-117.3132
McKinleyville,120,40.9488,-124.0857
Prunedale,120,36.8064,-121.6555
WINTERS,120,38.532,-121.9781
TEHACHAPI,120,35.1274,-118.4749
KENWOOD,119,38.4153,-122.5387
Fillmore,118,34.3989,-118.9181
RODEO,118,38.0368,-122.2526
Newman,117,37.3157,-121.0211
SAN PABLO,117,37.9628,-122.3425
San Fernando,116,34.2886,-118.4363
Rialto,115,34.1174,-117.3894
Penn Valley,115,39.1954,-121.1942
Corralitos,115,36.9941,-121.7892
San Juan Bautista,114,36.8455,-121.538
STANTON,114,33.8002,-117.9935
Hornitos,113,37.5034,-120.242
San Jacinto,112,33.797,-116.9916
Oroville,112,39.4999,-121.5634
BELVEDERE,112,37.8735,-122.4662
Penryn,111,38.8478,-121.1699
VICTORVILLE,111,34.5277,-117.3536
OAKDALE,110,37.7616,-120.847
Bradbury,109,34.1536,-117.9684
SIGNAL HILL,109,33.8029,-118.1681
NIPOMO,107,35.0323,-120.4991
Mojave,107,35.0139,-118.1895
SAN LORENZO,106,37.6737,-122.1349
Hidden Hills,105,34.1637,-118.6612
Industry,104,34.0175,-117.9267
Montclair,104,34.0714,-117.698
HESPERIA,103,34.3975,-117.3147
Pollock Pines,102,38.7564,-120.5904
Vernon,101,34.0019,-118.2106
Morro Bay,99,35.3681,-120.8481
Crestline,99,34.2486,-117.289
COLTON,99,34.0538,-117.3254
NEWCASTLE,98,38.8677,-121.1318
Lockeford,96,38.1509,-121.1554
PERRIS,96,33.7899,-117.2233
REEDLEY,95,36.5987,-119.4473
TRUCKEE,95,39.3455,-120.1848
LEMON GROVE,94,32.7331,-117.0344
LAKE ARROWHEAD,94,34.2531,-117.1945
Desert Hot Springs,94,33.9551,-116.543
Diablo,94,37.8408,-121.9565
Meadow Vista,94,39.003,-121.0304
Avila Beach,94,35.1969,-120.7191
OAKLEY,92,37.9929,-121.6951
PARAMOUNT,92,33.8976,-118.1652
AROMAS,91,36.8771,-121.6404
Colma,91,37.6767,-122.4526
Wrightwood,90,34.3495,-117.6299
PENN VALLEY,90,39.1954,-121.1942
Arcata,90,40.8615,-124.0757
Galt,89,38.2693,-121.3
FILLMORE,89,34.3989,-118.9181
South El Monte,89,34.0493,-118.0484
COMPTON,89,33.893,-118.2275
Paradise,88,39.7558,-121.6063
BUELLTON,88,34.6152,-120.1943
PICO RIVERA,87,33.9902,-118.0888
Los Banos,87,37.063,-120.8406
Nicasio,87,38.0605,-122.7008
SANTA PAULA,87,34.3521,-119.0698
EUREKA,86,40.7942,-124.1568
Colfax,86,39.0938,-120.9533
INDIO,86,33.7346,-116.2346
BONSALL,85,33.2761,-117.1942
Waterloo,85,38.0365,-121.1846
Hanford,85,36.3274,-119.6549
Santa Margarita,85,35.3893,-120.6084
SANTA FE SPRINGS,85,33.933,-118.0625
South Gate,85,33.9448,-118.1926
EL CENTRO,84,32.7867,-115.5586
DIXON,84,38.4468,-121.8249
Palo alto,84,37.3913,-122.1468
Bodega Bay,84,38.325,-123.0308
Cathedral City,84,33.8363,-116.4642
Mountain view,84,37.4,-122.0796
CROCKETT,83,38.0519,-122.2201
PISMO BEACH,83,35.1484,-120.6492
Artesia,82,33.8676,-118.0806
ACTON,82,34.4956,-118.1857
Bolinas,82,37.9177,-122.7095
Bonny Doon,81,37.0435,-122.1369
Mission Hills,81,34.6861,-120.4404
ST. HELENA,81,38.5063,-122.4682
LA SELVA BEACH,80,36.9276,-121.8445
WRIGHTWOOD,80,34.3495,-117.6299
BRADBURY,79,34.1536,-117.9684
National City,79,32.6654,-117.0983
SOUTH GATE,79,33.9448,-118.1926
Rosamond,78,34.8658,-118.2154
Bay Point,78,38.0329,-121.9614
Cambria,77,35.5523,-121.0847
Banning,77,33.946,-116.8992
LA PUENTE,77,34.0323,-117.9533
CERES,76,37.5953,-120.9625
Frazier Park,76,34.8123,-118.9542
RIPON,76,37.7417,-121.131
Indian Wells,76,33.7036,-116.3396
Escalon,76,37.7912,-120.9982
SAN FERNANDO,76,34.2886,-118.4363
Reedley,75,36.5987,-119.4473
Suisun City,75,38.2473,-122.009
Atwater,75,37.3543,-120.5981
Middletown,74,38.7518,-122.6221
Occidental,74,38.4004,-122.9349
Yucca Valley,73,34.1234,-116.4216
MISSION HILLS,71,34.6861,-120.4404
Geyserville,70,38.7173,-122.9034
CANYON LAKE,70,33.6885,-117.2621
Willits,70,39.4047,-123.3494
Quartz Hill,70,34.6527,-118.2163
Kenwood,69,38.4153,-122.5387
Oak Hills,69,34.3912,-117.4125
Tulare,69,36.1996,-119.34
Cazadero,69,38.5265,-123.0978
Crescent City,69,41.7727,-124.1902
Julian,68,33.0735,-116.5889
Rio Vista,68,38.1763,-121.7025
MONTCLAIR,68,34.0714,-117.698
LA QUINTA,68,33.6536,-116.2785
Mather,67,38.5489,-121.2832
KINGSBURG,66,36.5245,-119.5602
TEMPLETON,65,35.556,-120.7182
Rodeo,64,38.0368,-122.2526
Pescadero,64,37.2507,-122.3725
Sanger,64,36.699,-119.5575
OAK VIEW,63,34.399,-119.2976
ANDERSON,63,40.4497,-122.295
Acampo,63,38.1735,-121.2798
PENNGROVE,62,38.3005,-122.6707
Salida,62,37.7145,-121.087
YUCCA VALLEY,61,34.1234,-116.4216
Clio,61,39.7487,-120.5725
Glen Ellen,60,38.3564,-122.5412
WILLITS,60,39.4047,-123.3494
Murphys,60,38.1447,-120.4348
Red Bluff,59,40.1735,-122.2413
BELL CANYON,58,34.2081,-118.6876
Pine Grove,58,38.4074,-120.6606
SANGER,58,36.699,-119.5575
San diego,57,32.8312,-117.1225
LINCOLN,57,38.8759,-121.2916
Marysville,57,39.1518,-121.5835
Big Bear City,56,34.2536,-116.7903
TULARE,56,36.1996,-119.34
Compton,56,33.893,-118.2275
Wilton,56,38.413,-121.2127
PORTERVILLE,55,36.0644,-119.0338
QUARTZ HILL,55,34.6527,-118.2163
Los Olivos,55,34.6647,-120.118
GRAND TERRACE,55,34.0312,-117.3132
Rancho Murieta,55,38.5085,-121.0716
TRINIDAD,55,41.0589,-124.1434
Isla Vista,54,34.4144,-119.8581
NATIONAL CITY,54,32.6654,-117.0983
Guerneville,54,38.5137,-122.9894
CAMINO,54,38.7412,-120.6815
FORESTVILLE,54,38.4825,-122.8899
Calimesa,53,33.9874,-117.0542
MAMMOTH LAKES,53,37.6273,-118.99
COARSEGOLD,53,37.2526,-119.7
Big Bear Lake,53,34.2429,-116.8951
Ceres,53,37.5953,-120.9625
Copperopolis,53,37.9365,-120.6277
Oakville,53,38.4384,-122.4067
Orland,52,39.7461,-122.1856
BANNING,51,33.946,-116.8992
Phelan,51,34.4398,-117.5248
CATHEDRAL CITY,51,33.8363,-116.4642
Lake Hughes,50,34.6833,-118.4588
IMPERIAL BEACH,50,32.5689,-117.1184
Orcutt,50,34.8668,-120.4269
DIABLO,50,37.8408,-121.9565
Oak View,49,34.399,-119.2976
ARTESIA,49,33.8676,-118.0806
CAMBRIA,49,35.5523,-121.0847
HANFORD,49,36.3274,-119.6549
Cayucos,49,35.4375,-120.8847
Trinidad,49,41.0589,-124.1434
MORRO BAY,49,35.3681,-120.8481
Lindsay,49,36.2082,-119.0897
GROVER BEACH,48,35.1204,-120.6199
INDUSTRY,48,34.0175,-117.9267
INYOKERN,48,35.6546,-117.8212
MARINA,48,36.6812,-121.7895
HIDDEN HILLS,48,34.1637,-118.6612
Bloomington,48,34.0601,-117.4013
BIG BEAR CITY,48,34.2536,-116.7903
YOUNTVILLE,47,38.3963,-122.3671
Fortuna,47,40.5862,-124.1419
AGUA DULCE,47,34.5044,-118.316
Redwood city,47,37.5026,-122.2252
El Centro,47,32.7867,-115.5586
SOUTH EL MONTE,46,34.0493,-118.0484
ANTELOPE,46,38.7153,-121.361
Brookdale,46,37.1058,-122.1106
Fieldbrook,46,40.9722,-124.025
GEYSERVILLE,46,38.7173,-122.9034
PACHECO,46,37.9878,-122.07
CORRALITOS,45,36.9941,-121.7892
PATTERSON,45,37.4758,-121.1535
OAKHURST,45,37.3342,-119.6483
Byron,45,37.8756,-121.642
CRESTLINE,45,34.2486,-117.289
ESCALON,45,37.7912,-120.9982
POLLOCK PINES,45,38.7564,-120.5904
PHELAN,44,34.4398,-117.5248
FORT BRAGG,44,39.4399,-123.8013
Volcano,44,38.4456,-120.6306
VALINDA,44,34.0401,-117.93
NICASIO,44,38.0605,-122.7008
Freedom,43,36.9402,-121.7953
COPPEROPOLIS,43,37.9365,-120.6277
Exeter,43,36.294,-119.1459
Arnold,43,38.2423,-120.3547
San jose,43,37.3019,-121.8486
LYNWOOD,43,33.924,-118.2017
Woodacre,43,38.0052,-122.6384
COLMA,43,37.6767,-122.4526
MIDDLETOWN,42,38.7518,-122.6221
SUMMERLAND,42,34.4255,-119.5893
Pacheco,42,37.9878,-122.07
ARCATA,42,40.8615,-124.0757
WILDOMAR,42,33.6173,-117.2582
WOODACRE,42,38.0052,-122.6384
Fort Bragg,42,39.4399,-123.8013
Woodbridge,42,38.1692,-121.3113
Davenport,42,37.0176,-122.1882
Lakeport,42,39.0392,-122.9218
DINUBA,42,36.5453,-119.3987
Taft,42,35.1267,-119.4242
Mount Shasta,41,41.3206,-122.315
DENAIR,41,37.5262,-120.7994
MUIR BEACH,41,37.8654,-122.5858
Twain Harte,41,38.0384,-120.234
Jackson,41,38.3485,-120.7728
Bell Gardens,41,33.9663,-118.155
ROSSMOOR,40,33.7886,-118.0803
San DIego,40,32.8312,-117.1225
SEASIDE,40,36.6224,-121.8191
MENIFEE,40,33.6909,-117.1849
Descanso,39,32.8696,-116.6279
Soulsbyville,39,37.9917,-120.2617
Huntington Park,39,33.98,-118.2167
Groveland,39,37.8325,-120.2394
Sierra City,39,39.574,-120.6297
Bishop,38,37.3665,-118.3958
Quincy,38,39.931,-120.9548
Diamond Springs,38,38.692,-120.8391
Kelseyville,38,38.9704,-122.8327
Anderson,38,40.4497,-122.295
Mountain VIew,37,37.4,-122.0796
Riverbank,37,37.7268,-120.9402
Bodega,37,38.3488,-122.9712
Three Rivers,37,36.4319,-118.8806
Shafter,36,35.4794,-119.2013
Mariposa,36,37.4873,-119.9682
Valley Springs,36,38.1837,-120.815
Portola,36,39.8241,-120.4733
BERMUDA DUNES,36,33.7434,-116.2874
North Highlands,36,38.6713,-121.3721
Magalia,35,39.8228,-121.6078
Joshua Tree,35,34.1236,-116.3128
SUISUN CITY,35,38.2473,-122.009
GALT,35,38.2693,-121.3
SELMA,35,36.5715,-119.6143
Gustine,35,37.2545,-120.9949
Castroville,34,36.765,-121.7535
DURHAM,34,39.6232,-121.7875
MARIPOSA,34,37.4873,-119.9682
CASTROVILLE,34,36.765,-121.7535
DISCOVERY BAY,34,37.9071,-121.6076
Yountville,34,38.3963,-122.3671
Hughson,33,37.602,-120.866
MEADOW VISTA,33,39.003,-121.0304
Green Valley,33,38.2607,-122.1622
Los Alamos,33,34.7375,-120.2783
Carmel-by-the-Sea,33,36.5528,-121.9222
RUNNING SPRINGS,33,34.2104,-117.1147
JULIAN,33,33.0735,-116.5889
INDIAN WELLS,33,33.7036,-116.3396
Plymouth,33,38.4776,-120.8584
Camino,32,38.7412,-120.6815
Woodlake,32,36.4124,-119.0999
Jurupa Valley,32,34.001,-117.4705
Pala,32,33.3617,-117.0696
RED BLUFF,32,40.1735,-122.2413
Bermuda Dunes,32,33.7434,-116.2874
Adelanto,32,34.5815,-117.4397
Lynwood,32,33.924,-118.2017
MAGALIA,32,39.8228,-121.6078
SANTA MARGARITA,32,35.3893,-120.6084
RIVERBANK,31,37.7268,-120.9402
AMERICAN CANYON,31,38.1796,-122.2583
Sutter Creek,31,38.3827,-120.8107
BOLINAS,31,37.9177,-122.7095
BISHOP,31,37.3665,-118.3958
LA HABRA HEIGHTS,31,33.9602,-117.951
MOUNTAIN HOUSE,31,37.774,-121.5452
GUERNEVILLE,30,38.5137,-122.9894
CALIMESA,30,33.9874,-117.0542
Esparto,30,38.6934,-122.0241
RIO LINDA,30,38.6876,-121.4418
COTTONWOOD,30,40.3904,-122.2861
Imperial,30,32.839,-115.5719
Coachella,30,33.6905,-116.143
Inyokern,30,35.6546,-117.8212
Soda Springs,30,39.3248,-120.3784
ORCUTT,30,34.8668,-120.4269
Oakhurst,30,37.3342,-119.6483
MCKINLEYVILLE,30,40.9488,-124.0857
Redwood CIty,30,37.5026,-122.2252
Brawley,30,32.9783,-115.5287
Lemoore,30,36.2949,-119.7983
Niland,29,33.2387,-115.5146
EXETER,29,36.294,-119.1459
MURPHYS,29,38.1447,-120.4348
REDWOOD VALLEY,29,39.269,-123.2023
Moss Landing,28,36.8019,-121.7872
ORLAND,28,39.7461,-122.1856
BIG BEAR LAKE,28,34.2429,-116.8951
WESTWOOD,28,40.3049,-121.0045
MARYSVILLE,28,39.1518,-121.5835
Muir Beach,28,37.8654,-122.5858
Yreka,28,41.7292,-122.6312
Manton,28,40.4202,-121.854
WILTON,28,38.413,-121.2127
Sierra Village,28,38.0768,-120.1624
JACKSON,28,38.3485,-120.7728
Crockett,28,38.0519,-122.2201
CALISTOGA,28,38.5818,-122.5824
MIDWAY CITY,27,33.7451,-117.9849
Menlo park,27,37.4686,-122.1672
Rio Linda,27,38.6876,-121.4418
Auberry,27,37.0755,-119.4901
EASTVALE,27,33.9617,-117.5802
FOWLER,27,36.6243,-119.6737
Linden,27,38.0186,-121.0994
VERNON,27,34.0019,-118.2106
Los angeles,27,34.1139,-118.4068
YREKA,27,41.7292,-122.6312
CLOVERDALE,27,38.7961,-123.0151
LOS ALAMOS,27,34.7375,-120.2783
THREE RIVERS,27,36.4319,-118.8806
DIAMOND SPRINGS,27,38.692,-120.8391
Kernville,26,35.7531,-118.4321
Cherry Valley,26,33.9797,-116.9694
GEORGETOWN,26,38.9112,-120.8356
Fall River Mills,26,41.0069,-121.4401
LAS FLORES,26,33.5838,-117.6235
Wofford Heights,26,35.7127,-118.4732
LOS OLIVOS,26,34.6647,-120.118
ROSAMOND,25,34.8658,-118.2154
Georgetown,25,38.9112,-120.8356
Mentone,25,34.0609,-117.1108
Palo Cedro,25,40.5511,-122.2363
HUNTINGTON PARK,25,33.98,-118.2167
Inverness,25,38.082,-122.8471
PORTOLA,25,39.8241,-120.4733
IRWINDALE,25,34.1121,-117.9636
COMMERCE,25,33.9963,-118.1519
Durham,25,39.6232,-121.7875
PESCADERO,25,37.2507,-122.3725
SAN JACINTO,25,33.797,-116.9916
SOUTH LAKE TAHOE,25,38.9393,-119.9828
Midway City,25,33.7451,-117.9849
JAMESTOWN,25,37.9574,-120.411
BARSTOW,24,34.8661,-117.0472
SAN JUAN BAUTISTA,24,36.8455,-121.538
ISLA VISTA,24,34.4144,-119.8581
Cottonwood,24,40.3904,-122.2861
Westwood,24,40.3049,-121.0045
BEAUMONT,24,33.9076,-116.9766
Stinson Beach,24,37.9051,-122.6456
Foresthill,24,39.0053,-120.8314
REDWAY,24,40.1209,-123.822
Lucerne Valley,23,34.4427,-116.9021
Santa clara,23,37.3645,-121.968
LaFayette,23,37.8919,-122.1189
Valinda,23,34.0401,-117.93
BODEGA BAY,23,38.325,-123.0308
PLYMOUTH,23,38.4776,-120.8584
Selma,23,36.5715,-119.6143
Denair,23,37.5262,-120.7994
NORTH HIGHLANDS,23,38.6713,-121.3721
Albion,23,39.2256,-123.7564
Jamestown,23,37.9574,-120.411
MOJAVE,23,35.0139,-118.1895
WINCHESTER,22,33.7146,-117.0775
BRAWLEY,22,32.9783,-115.5287
Waterford,22,37.6429,-120.7553
LATHROP,22,37.809,-121.3131
RIO VISTA,22,38.1763,-121.7025
Redwood Valley,22,39.269,-123.2023
TAFT,22,35.1267,-119.4242
sunnyvale,21,37.3836,-122.0256
IONE,21,38.3613,-120.9422
SAN ANDREAS,21,38.1911,-120.6763
ACAMPO,21,38.1735,-121.2798
Corning,21,39.9282,-122.182
NORTH TUSTIN,21,33.7644,-117.7945
SALIDA,21,37.7145,-121.087
Kings Beach,21,39.249,-120.0201
PRUNEDALE,21,36.8064,-121.6555
Running Springs,21,34.2104,-117.1147
STINSON BEACH,21,37.9051,-122.6456
Aguanga,20,33.4522,-116.8555
LEONA VALLEY,20,34.6147,-118.299
GLEN ELLEN,20,38.3564,-122.5412
LAKE HUGHES,20,34.6833,-118.4588
RANCHO MURIETA,20,38.5085,-121.0716
LOCKEFORD,20,38.1509,-121.1554
PINE GROVE,20,38.4074,-120.6606
LAKE SAN MARCOS,20,33.1196,-117.2088
GONZALES,20,36.506,-121.4429
Point Reyes Station,20,38.0847,-122.8093
California City,20,35.1578,-117.8721
OCCIDENTAL,20,38.4004,-122.9349
Greenfield,20,36.3232,-121.2451
Palo ALto,19,37.3913,-122.1468
Cold Springs,19,38.7468,-120.8761
san jose,19,37.3019,-121.8486
Weed,19,41.4128,-122.3816
DELANO,19,35.767,-119.2637
FRAZIER PARK,19,34.8123,-118.9542
Hidden Valley Lake,19,38.8003,-122.5505
TWAIN HARTE,19,38.0384,-120.234
Kerman,19,36.7249,-120.0625
Loma Mar,19,37.2658,-122.3007
NEWMAN,19,37.3157,-121.0211
LOS BANOS,19,37.063,-120.8406
Dinuba,19,36.5453,-119.3987
PALO CEDRO,19,40.5511,-122.2363
Huntington beach,19,33.696,-118.0025
Shingletown,19,40.5035,-121.86
FORTUNA,19,40.5862,-124.1419
Cobb,19,38.8356,-122.723
Calexico,19,32.6849,-115.4944
Bella Vista,19,40.6502,-122.245
CARNELIAN BAY,19,39.2346,-120.0767
WALNUT GROVE,19,38.2478,-121.528
Homeland,19,33.7459,-117.1132
Mokelumne Hill,19,38.3057,-120.7061
Pine Mountain Club,19,34.8446,-119.1669
COLFAX,18,39.0938,-120.9533
Springville,18,36.1168,-118.8345
Winton,18,37.3854,-120.6173
LEMOORE,18,36.2949,-119.7983
KELSEYVILLE,18,38.9704,-122.8327
San Geronimo,18,38.0068,-122.6634
HUGHSON,18,37.602,-120.866
Nuevo,18,33.8011,-117.1415
LINDSAY,18,36.2082,-119.0897
FORESTHILL,18,39.0053,-120.8314
Chowchilla,18,37.1095,-120.2349
Mendocino,18,39.311,-123.7908
PENRYN,18,38.8478,-121.1699
Foster city,18,37.5553,-122.2659
Valley Ford,18,38.3246,-122.9148
BETHEL ISLAND,18,38.0288,-121.6404
Pioneer,18,38.4354,-120.5848
ATWATER,18,37.3543,-120.5981
VALLEY SPRINGS,18,38.1837,-120.815
LAKE ISABELLA,17,35.6378,-118.4819
CHUALAR,17,36.5711,-121.5103
Ione,17,38.3613,-120.9422
BROOKDALE,17,37.1058,-122.1106
BONNY DOON,17,37.0435,-122.1369
Thermal,17,33.6262,-116.1308
DESCANSO,17,32.8696,-116.6279
GRATON,17,38.4376,-122.866
SUTTER CREEK,17,38.3827,-120.8107
Union city,17,37.603,-122.0187
ANGWIN,17,38.5776,-122.4513
June Lake,17,37.7677,-119.1022
Walnut Grove,17,38.2478,-121.528
London,16,36.481,-119.444
Little River,16,39.2703,-123.7817
JENNER,16,38.4511,-123.1203
King City,16,36.2166,-121.133
NUEVO,16,33.8011,-117.1415
SunnyVale,16,37.3836,-122.0256
Rainbow,16,33.4098,-117.1395
CORNING,16,39.9282,-122.182
THERMAL,16,33.6262,-116.1308
LAKEPORT,16,39.0392,-122.9218
Hawaiian Gardens,16,33.8303,-118.0728
CLARKSBURG,16,38.4193,-121.5416
DAVENPORT,16,37.0176,-122.1882
ADELANTO,16,34.5815,-117.4397
French Camp,16,37.8802,-121.2803
HAWAIIAN GARDENS,16,33.8303,-118.0728
Littlerock,16,34.5232,-117.9809
SPRINGVILLE,16,36.1168,-118.8345
Del Aire,15,33.9168,-118.3693
Bethel Island,15,38.0288,-121.6404
Pine Valley,15,32.8415,-116.5107
Leona Valley,15,34.6147,-118.299
Corcoran,15,36.0839,-119.561
FREEDOM,15,36.9402,-121.7953
ANZA,15,33.5679,-116.6967
Lucerne,15,39.0697,-122.776
BELL,15,33.9801,-118.1798
Fowler,15,36.6243,-119.6737
Tres Pinos,15,36.7904,-121.3105
Rio Oso,15,38.9518,-121.531
Barstow,15,34.8661,-117.0472
Blackhawk,15,37.816,-121.9071
Romoland,15,33.7648,-117.1572
Clearlake,15,38.959,-122.633
CAYUCOS,14,35.4375,-120.8847
Los altos,14,37.3685,-122.0966
Oceano,14,35.1019,-120.609
KING CITY,14,36.2166,-121.133
GROVELAND,14,37.8325,-120.2394
San francisco,14,37.7562,-122.443
Lakehead,14,40.9007,-122.3924
Twentynine Palms,14,34.1478,-116.0659
Susanville,14,40.4205,-120.6129
Walnut Park,14,33.9683,-118.222
Rough and Ready,14,39.234,-121.1381
LINDEN,14,38.0186,-121.0994
Thousand Palms,14,33.815,-116.3545
HOLTVILLE,14,32.813,-115.378
OAK HILLS,14,34.3912,-117.4125
Campo,14,32.6394,-116.4745
SHAFTER,14,35.4794,-119.2013
LOMA RICA,14,39.3204,-121.4038
Chester,14,40.3017,-121.2339
CALEXICO,14,32.6849,-115.4944
BAY POINT,14,38.0329,-121.9614
Cudahy,13,33.9631,-118.183
SUSANVILLE,13,40.4205,-120.6129
Plumas Lake,13,38.9924,-121.558
Buena Vista,13,38.2974,-120.9179
Goodyears Bar,13,39.5458,-120.8881
Livingston,13,37.3875,-120.7248
Angwin,13,38.5776,-122.4513
SANTA ROSA VALLEY,13,34.2453,-118.9023
Lake Sherwood,13,34.1339,-118.8804
ORANGE COVE,13,36.6211,-119.3188
Keene,13,35.233,-118.6103
Elverta,13,38.7185,-121.4455
irvine,12,33.6772,-117.7738
Wasco,12,35.5938,-119.3671
San mateo,12,37.5521,-122.3122
CRESCENT CITY,12,41.7727,-124.1902
Morongo Valley,12,34.0724,-116.5627
MONTAGUE,12,41.7276,-122.5304
Mountain Ranch,12,38.2509,-120.5119
CHESTER,12,40.3017,-121.2339
Avalon,12,33.3342,-118.3315
Shasta Lake,12,40.679,-122.3775
Sutter,12,39.1556,-121.7492
Holtville,12,32.813,-115.378
ALBION,12,39.2256,-123.7564
Herald,12,38.2913,-121.2318
Talmage,12,39.1314,-123.1648
Onyx,12,35.6839,-118.2102
Port Costa,12,38.0446,-122.185
WHEATLAND,12,39.0287,-121.39
Oak Glen,12,34.0448,-116.9497
POTTER VALLEY,12,39.319,-123.1123
CHERRY VALLEY,12,33.9797,-116.9694
CORCORAN,11,36.0839,-119.561
Isleton,11,38.1617,-121.6051
LITTLEROCK,11,34.5232,-117.9809
OAKVILLE,11,38.4384,-122.4067
ALTA,11,39.2138,-120.8033
KINGS BEACH,11,39.249,-120.0201
CALIFORNIA CITY,11,35.1578,-117.8721
Forest Ranch,11,39.8952,-121.6705
Knights Landing,11,38.7979,-121.7175
LAYTONVILLE,11,39.6715,-123.4945
Live Oak,11,36.986,-121.9804
LOMA MAR,11,37.2658,-122.3007
MENDOCINO,11,39.311,-123.7908
Potter Valley,11,39.319,-123.1123
Delano,11,35.767,-119.2637
GUSTINE,11,37.2545,-120.9949
PIONEER,11,38.4354,-120.5848
WEED,11,41.4128,-122.3816
GRIDLEY,11,39.3622,-121.6971
IMPERIAL,11,32.839,-115.5719
BELL GARDENS,11,33.9663,-118.155
WOODBRIDGE,11,38.1692,-121.3113
BLOOMINGTON,10,34.0601,-117.4013
ROMOLAND,10,33.7648,-117.1572
fremont,10,37.5265,-121.9852
MOKELUMNE HILL,10,38.3057,-120.7061
Bell,10,33.9801,-118.1798
Millville,10,40.5576,-122.1696
Los gatos,10,37.2303,-121.956
TRONA,10,35.815,-117.3449
SOULSBYVILLE,10,37.9917,-120.2617
Fulton,10,38.4937,-122.7734
CARUTHERS,10,36.5399,-119.845
San Miguel,10,37.8867,-122.0368
Terra Bella,10,35.9567,-119.0328
DORRINGTON,10,38.2949,-120.2706
Parlier,10,36.6087,-119.5434
OCEANO,10,35.1019,-120.609
ELVERTA,10,38.7185,-121.4455
Del mar,10,32.9633,-117.2627
Del Rey Oaks,10,36.5929,-121.8381
Soledad,10,36.4432,-121.3426
Creston,10,35.5173,-120.5211
San Andreas,10,38.1911,-120.6763
LAKE MATHEWS,9,33.825,-117.3683
DEL REY,9,36.6562,-119.5993
GREENVILLE,9,40.1336,-120.9454
Heber,9,32.7318,-115.5204
FRENCH CAMP,9,37.8802,-121.2803
MARKLEEVILLE,9,38.6841,-119.8225
Gridley,9,39.3622,-121.6971
QUINCY,9,39.931,-120.9548
OROSI,9,36.5434,-119.2903
MAYWOOD,9,33.9885,-118.1877
ALTURAS,9,41.4898,-120.5516
Graton,9,38.4376,-122.866
PHILO,9,39.0657,-123.4452
EDWARDS AFB,9,34.9045,-117.9295
WOODCREST,9,33.8789,-117.3686
Madison,9,38.675,-121.9702
LIVE OAK,9,36.986,-121.9804
CAMPO,9,32.6394,-116.4745
Boulevard,9,32.664,-116.2896
Yankee Hill,9,39.7007,-121.5147
Strathmore,9,36.1438,-119.0611
Tahoma,9,39.0633,-120.1438
Borrego Springs,9,33.241,-116.3571
FERNDALE,9,40.5799,-124.2619
Cedar Ridge,9,38.0661,-120.2737
Hopland,9,38.9691,-123.1173
CEDARVILLE,9,41.528,-120.1748
MENTONE,9,34.0609,-117.1108
Maricopa,9,35.0516,-119.4054
LAGUNA WOODS,9,33.6098,-117.7299
ROUGH AND READY,9,39.234,-121.1381
LIVINGSTON,9,37.3875,-120.7248
WATERFORD,9,37.6429,-120.7553
MOUNTAIN RANCH,9,38.2509,-120.5119
WASCO,9,35.5938,-119.3671
WILLIAMS,9,39.1498,-122.1389
Weaverville,9,40.7488,-122.9274
ESPARTO,9,38.6934,-122.0241
Garberville,8,40.1003,-123.7948
Potrero,8,32.6131,-116.6068
MORONGO VALLEY,8,34.0724,-116.5627
POINT REYES STATION,8,38.0847,-122.8093
NILAND,8,33.2387,-115.5146
West Point,8,38.4043,-120.5374
FARMINGTON,8,37.9299,-121.0043
WILLOWS,8,39.5149,-122.1995
Gonzales,8,36.506,-121.4429
Kirkwood,8,38.693,-120.064
Covelo,8,39.8025,-123.2499
Sand City,8,36.6189,-121.8478
DESERT HOT SPRINGS,8,33.9551,-116.543
Montague,8,41.7276,-122.5304
PINE VALLEY,8,32.8415,-116.5107
Squaw Valley,8,36.6944,-119.2
Hayfork,8,40.561,-123.1299
BURNEY,8,40.8846,-121.6691
BODFISH,8,35.5765,-118.4764
ISLETON,8,38.1617,-121.6051
ARNOLD,8,38.2423,-120.3547
COBB,8,38.8356,-122.723
saratoga,8,37.2684,-122.0263
CLEARLAKE OAKS,8,39.0218,-122.6593
Anza,8,33.5679,-116.6967
RIO OSO,8,38.9518,-121.531
JACUMBA,8,32.6278,-116.1826
Crowley Lake,8,37.5692,-118.7465
WEST POINT,8,38.4043,-120.5374
BASS LAKE,8,37.328,-119.5668
DUNSMUIR,8,41.2318,-122.2714
South San Gabriel,8,34.0489,-118.0961
RIO DEL MAR,8,36.9607,-121.8807
NORTH EDWARDS,8,35.0474,-117.8093
Olivehurst,8,39.0817,-121.5549
San Simeon,8,35.6182,-121.1375
STEVINSON,7,37.3247,-120.8497
BOULEVARD,7,32.664,-116.2896
AUBERRY,7,37.0755,-119.4901
Fort Jones,7,41.6085,-122.8411
Dutch Flat,7,39.208,-120.8345
Alturas,7,41.4898,-120.5516
MILLVILLE,7,40.5576,-122.1696
COALINGA,7,36.143,-120.3262
FOREST RANCH,7,39.8952,-121.6705
san Jose,7,37.3019,-121.8486
Vandenberg AFB,7,34.7483,-120.5182
CHOWCHILLA,7,37.1095,-120.2349
Ahwahnee,7,37.3652,-119.7194
SUTTER,7,39.1556,-121.7492
Jenner,7,38.4511,-123.1203
PALA,7,33.3617,-117.0696
WINTON,7,37.3854,-120.6173
El Verano,7,38.2975,-122.4915
PIRU,7,34.4075,-118.7999
Dunsmuir,7,41.2318,-122.2714
Dillon Beach,7,38.2436,-122.956
Emerald Lake Hills,7,37.4662,-122.2675
Redway,7,40.1209,-123.822
cupertino,7,37.3168,-122.0465
East Rancho Dominguez,7,33.895,-118.1956
san francisco,7,37.7562,-122.443
Mount Hermon,7,37.0511,-122.0533
Wheatland,7,39.0287,-121.39
Rutherford,7,38.4568,-122.4231
Boonville,7,39.0115,-123.374
Catheys Valley,7,37.4371,-120.0936
Clearlake Oaks,7,39.0218,-122.6593
Willows,7,39.5149,-122.1995
BIG PINE,7,37.1655,-118.2952
Del Rey,7,36.6562,-119.5993
san Diego,7,32.8312,-117.1225
Arbuckle,7,39.0141,-122.061
CUDAHY,7,33.9631,-118.183
COACHELLA,7,33.6905,-116.143
Wallace,7,38.1978,-120.9586
JOSHUA TREE,7,34.1236,-116.3128
Agoura HIlls,7,34.151,-118.7608
North San Juan,7,39.3719,-121.106
MESA,7,37.4189,-118.5424
Edwards AFB,7,34.9045,-117.9295
Beverly HIlls,7,34.0786,-118.4021
Colusa,7,39.2059,-122.0125
Tranquillity,7,36.648,-120.2525
WOODLAKE,6,36.4124,-119.0999
EL NIDO,6,37.1324,-120.4985
Greenville,6,40.1336,-120.9454
SIERRA VILLAGE,6,38.0768,-120.1624
TAHOMA,6,39.0633,-120.1438
BEALE AFB,6,39.1095,-121.3543
Union CIty,6,37.603,-122.0187
EL Dorado Hills,6,38.675,-121.049
ARVIN,6,35.1944,-118.8306
Clarksburg,6,38.4193,-121.5416
COLOMA,6,38.8026,-120.8946
BLACKHAWK,6,37.816,-121.9071
PALERMO,6,39.4313,-121.5225
Dorrington,6,38.2949,-120.2706
COULTERVILLE,6,37.7105,-120.1992
FARMERSVILLE,6,36.3053,-119.2083
SEA RANCH,6,38.7165,-123.4527
los altos,6,37.3685,-122.0966
Mill valley,6,37.9085,-122.5421
SHINGLETOWN,6,40.5035,-121.86
KERMAN,6,36.7249,-120.0625
HOMELAND,6,33.7459,-117.1132
BIGGS,6,39.4102,-121.7133
Morgan HIll,6,37.1326,-121.6417
menlo park,6,37.4686,-122.1672
San JOse,6,37.3019,-121.8486
Berry Creek,6,39.6314,-121.4052
FORT JONES,6,41.6085,-122.8411
Bend,6,40.2561,-122.2095
HERALD,6,38.2913,-121.2318
San Buenaventura,6,34.2741,-119.2314
DEL AIRE,6,33.9168,-118.3693
Foster CIty,6,37.5553,-122.2659
Columbia,6,38.0333,-120.4097
OILDALE,6,35.4249,-119.0279
INVERNESS,6,38.082,-122.8471
Chualar,6,36.5711,-121.5103
El cerrito,6,37.9197,-122.3025
PARLIER,6,36.6087,-119.5434
BELLA VISTA,6,40.6502,-122.245
BUTTONWILLOW,6,35.4092,-119.4406
Rio Del Mar,6,36.9607,-121.8807
Fiddletown,6,38.5091,-120.7605
Janesville,6,40.2809,-120.5335
WELDON,6,35.6431,-118.3103
Maywood,6,33.9885,-118.1877
CEDAR RIDGE,6,38.0661,-120.2737
POTRERO,6,32.6131,-116.6068
LEBEC,6,34.845,-118.8992
DELHI,6,37.4306,-120.7759
AVERY,6,38.1939,-120.379
dublin,5,37.7161,-121.8963
Half Moon bay,5,37.4688,-122.4383
Temescal Valley,5,33.7581,-117.4677
Tulelake,5,41.9534,-121.4752
Biola,5,36.8006,-120.0199
SAN GERONIMO,5,38.0068,-122.6634
KEENE,5,35.233,-118.6103
mountain view,5,37.4,-122.0796
Aliso viejo,5,33.5792,-117.7289
Costa mesa,5,33.6667,-117.9135
Gasquet,5,41.8429,-123.9733
Knightsen,5,37.9633,-121.6511
GREENFIELD,5,36.3232,-121.2451
ETNA,5,41.4582,-122.8946
AVALON,5,33.3342,-118.3315
SAN MIGUEL,5,37.8867,-122.0368
Portola valley,5,37.3713,-122.2203
MARICOPA,5,35.0516,-119.4054
LUCERNE VALLEY,5,34.4427,-116.9021
Linda,5,39.1241,-121.5421
Los ALtos,5,37.3685,-122.0966
MADISON,5,38.675,-121.9702
Taylorsville,5,40.0586,-120.8387
Alta,5,39.2138,-120.8033
Fort Irwin,5,35.2476,-116.6834
Diablo Grande,5,37.4006,-121.2699
Hickman,5,37.6228,-120.7532
Princeton,5,39.4029,-122.0212
Trinity Center,5,40.9841,-122.7083
SOLEDAD,5,36.4432,-121.3426
LINDA,5,39.1241,-121.5421
GRIZZLY FLATS,5,38.6357,-120.5355
BORREGO SPRINGS,5,33.241,-116.3571
CLYDE,5,38.0253,-122.0278
Coalinga,5,36.143,-120.3262
Guadalupe,5,34.9608,-120.5735
AVILA BEACH,5,35.1969,-120.7191
Lower Lake,5,38.9119,-122.6085
LONDON,5,36.481,-119.444
LAKE SHERWOOD,5,34.1339,-118.8804
CALIPATRIA,5,33.1493,-115.5056
EARLIMART,5,35.8824,-119.2715
Newport beach,5,33.6151,-117.8669
Caruthers,5,36.5399,-119.845
Happy Camp,5,41.8104,-123.3892
Los Altos hills,5,37.3671,-122.139
palo Alto,5,37.3913,-122.1468
JANESVILLE,5,40.2809,-120.5335
AGUANGA,5,33.4522,-116.8555
RIO DELL,5,40.5022,-124.1103
WILLOW CREEK,5,40.9385,-123.6412
North Edwards,5,35.0474,-117.8093
HORNBROOK,5,41.9079,-122.5596
El Dorado HIlls,4,38.675,-121.049
Upper Lake,4,39.1653,-122.9052
VOLCANO,4,38.4456,-120.6306
Thornton,4,38.231,-121.425
CASPAR,4,39.3631,-123.8044
La Ca?ada Flintridge,4,34.2097,-118.2002
YOLO,4,38.7405,-121.8093
STRATHMORE,4,36.1438,-119.0611
Blue Lake,4,40.8813,-123.9931
Delhi,4,37.4306,-120.7759
Needles,4,34.8164,-114.6189
Carnelian Bay,4,39.2346,-120.0767
MIDPINES,4,37.5531,-119.9485
Lake San Marcos,4,33.1196,-117.2088
Mi-Wuk Village,4,38.057,-120.179
Stratford,4,36.1884,-119.8224
SNELLING,4,37.5216,-120.4387
SQUAW VALLEY,4,36.6944,-119.2
Los altos Hills,4,37.3671,-122.139
Grayson,4,37.565,-121.1794
BLYTHE,4,33.622,-114.6188
ARMONA,4,36.3179,-119.7054
HIllsborough,4,37.5573,-122.3587
berkeley,4,37.8723,-122.276
NewPort Beach,4,33.6151,-117.8669
Monte Rio,4,38.4683,-123.0147
Laguna HIlls,4,33.592,-117.6992
Canby,4,41.4477,-120.8843
Smith River,4,41.9249,-124.1494
Bangor,4,39.3761,-121.4117
SAn Diego,4,32.8312,-117.1225
Rancho Santa FE,4,33.024,-117.1992
SAND CITY,4,36.6189,-121.8478
Sheridan,4,38.969,-121.3559
WILLOWBROOK,4,33.9199,-118.2362
CLEARLAKE,4,38.959,-122.633
Santa CLara,4,37.3645,-121.968
Rancho Santa margarita,4,33.6318,-117.5989
Yolo,4,38.7405,-121.8093
HICKMAN,4,37.6228,-120.7532
LOWER LAKE,4,38.9119,-122.6085
TOMALES,4,38.247,-122.9054
Mesa,4,37.4189,-118.5424
Rancho palos Verdes,4,33.7554,-118.3637
Big Bend,4,41.0109,-121.924
Mission viejo,4,33.6095,-117.655
FIELDBROOK,4,40.9722,-124.025
DOS PALOS,4,36.9854,-120.6336
Culver CIty,4,34.0058,-118.3968
ALTO,4,37.9056,-122.5186
Loyalton,4,39.6768,-120.2448
EL Cerrito,4,37.9197,-122.3025
Willow Creek,4,40.9385,-123.6412
Ladera Heights,4,33.9972,-118.374
Miranda,4,40.2289,-123.8173
LAKEVIEW,4,33.8285,-117.1233
Yorba LInda,4,33.889,-117.7714
BOONVILLE,4,39.0115,-123.374
BEAR VALLEY,4,37.5671,-120.1229
TIPTON,4,36.0585,-119.313
TRANQUILLITY,4,36.648,-120.2525
CARMEL-BY-THE-SEA,4,36.5528,-121.9222
OLIVEHURST,4,39.0817,-121.5549
SHASTA,4,40.591,-122.4797
GARBERVILLE,4,40.1003,-123.7948
Vallecito,4,38.074,-120.4564
Coto de caza,4,33.5961,-117.5862
Hamilton City,4,39.7422,-122.0125
Piru,4,34.4075,-118.7999
Aliso VIejo,4,33.5792,-117.7289
Ferndale,3,40.5799,-124.2619
SHERIDAN,3,38.969,-121.3559
CLIO,3,39.7487,-120.5725
BORON,3,35.0164,-117.6659
EL Cajon,3,32.8017,-116.9605
SANTA SUSANA,3,34.258,-118.6662
Agoura hills,3,34.151,-118.7608
Bodfish,3,35.5765,-118.4764
SPRECKELS,3,36.6247,-121.6465
Lytle Creek,3,34.2499,-117.5044
Goshen,3,36.3518,-119.421
FRIANT,3,36.9848,-119.713
Victor,3,38.1385,-121.1987
Marina Del rey,3,33.9765,-118.4486
COLUSA,3,39.2059,-122.0125
Greenview,3,41.5471,-122.9185
LYTLE CREEK,3,34.2499,-117.5044
LAKE CITY,3,41.646,-120.2255
pasadena,3,34.1597,-118.139
los Angeles,3,34.1139,-118.4068
Thousand oaks,3,34.1914,-118.8755
Rosemont,3,38.5477,-121.3553
Friant,3,36.9848,-119.713
BERRY CREEK,3,39.6314,-121.4052
Rancho San Diego,3,32.7624,-116.9197
Etna,3,41.4582,-122.8946
Trona,3,35.815,-117.3449
SAN JOAQUIN,3,36.6057,-120.1897
Grizzly Flats,3,38.6357,-120.5355
GAZELLE,3,41.5137,-122.5215
CATHEYS VALLEY,3,37.4371,-120.0936
LAKEHEAD,3,40.9007,-122.3924
los angeles,3,34.1139,-118.4068
Collierville,3,38.2141,-121.2675
STRATFORD,3,36.1884,-119.8224
San leandro,3,37.7071,-122.1601
CROWLEY LAKE,3,37.5692,-118.7465
Strawberry,3,37.8925,-122.5078
HOME GARDENS,3,33.8784,-117.5116
STIRLING CITY,3,39.9065,-121.5361
Dos Palos,3,36.9854,-120.6336
Laytonville,3,39.6715,-123.4945
Alto,3,37.9056,-122.5186
MANCHESTER,3,38.9744,-123.6909
Santa Susana,3,34.258,-118.6662
THOUSAND PALMS,3,33.815,-116.3545
HAMILTON CITY,3,39.7422,-122.0125
Lennox,3,33.938,-118.3586
WEAVERVILLE,3,40.7488,-122.9274
SAn Francisco,3,37.7562,-122.443
Mckinleyville,3,40.9488,-124.0857
Round Mountain,3,40.8005,-121.9376
Ladera,3,37.3996,-122.199
Keswick,3,40.6135,-122.4606
GRAEAGLE,3,39.7572,-120.6486
LOS MOLINOS,3,40.027,-122.0981
TERRA BELLA,3,35.9567,-119.0328
MATHER,3,38.5489,-121.2832
Farmington,3,37.9299,-121.0043
Los Altos HIlls,3,37.3671,-122.139
Diamond bar,3,33.9991,-117.8161
HERLONG,3,40.1419,-120.1399
RIchmond,3,37.9477,-122.339
MECCA,3,33.5767,-116.0645
Bradley,3,35.8628,-120.8042
del Mar,3,32.9633,-117.2627
Lake Mathews,3,33.825,-117.3683
Sunnyside,3,36.7294,-119.6945
INDIO HILLS,3,33.8411,-116.2484
WOFFORD HEIGHTS,3,35.7127,-118.4732
Culver city,3,34.0058,-118.3968
BLUE LAKE,3,40.8813,-123.9931
Val Verde,3,34.4504,-118.6717
JUNE LAKE,3,37.7677,-119.1022
Cedarville,3,41.528,-120.1748
MANTON,3,40.4202,-121.854
AHWAHNEE,3,37.3652,-119.7194
California Hot Springs,3,35.8863,-118.6561
Huron,3,36.2041,-120.0961
Crows Landing,3,37.3947,-121.0843
GASQUET,3,41.8429,-123.9733
Tipton,3,36.0585,-119.313
Santa ana,3,33.7366,-117.8819
SAn Jose,3,37.3019,-121.8486
THORNTON,3,38.231,-121.425
PRINCETON,3,39.4029,-122.0212
FALL RIVER MILLS,3,41.0069,-121.4401
oceanside,3,33.2247,-117.3083
Daly city,3,37.6862,-122.4685
GREEN VALLEY,3,38.2607,-122.1622
BANGOR,3,39.3761,-121.4117
Elk Creek,3,39.6002,-122.5376
MoorPark,3,34.2855,-118.877
Williams,3,39.1498,-122.1389
Boron,3,35.0164,-117.6659
Lockwood,3,35.9412,-121.0802
YETTEM,2,36.4866,-119.2549
PLUMAS LAKE,2,38.9924,-121.558
McKittrick,2,35.2981,-119.6249
IVANHOE,2,36.3886,-119.2202
San GAbriel,2,34.0948,-118.099
san diego,2,32.8312,-117.1225
COLLIERVILLE,2,38.2141,-121.2675
Spreckels,2,36.6247,-121.6465
santa clara,2,37.3645,-121.968
MIRANDA,2,40.2289,-123.8173
ROSEMONT,2,38.5477,-121.3553
CITRUS,2,34.1161,-117.889
North Shore,2,33.5157,-115.9092
DILLON BEACH,2,38.2436,-122.956
Tahoe Vista,2,39.2483,-120.0535
Burney,2,40.8846,-121.6691
Nice,2,39.1266,-122.8526
Klamath,2,41.5322,-124.0063
DOYLE,2,40.0275,-120.1172
San marcos,2,33.135,-117.1744
KERNVILLE,2,35.7531,-118.4321
SOUTH SAN GABRIEL,2,34.0489,-118.0961
pleasanton,2,37.6663,-121.8805
Franklin,2,37.3277,-120.5321
San carlos,2,37.4982,-122.268
El Dorado hills,2,38.675,-121.049
ELIZABETH LAKE,2,34.659,-118.3783
ARTOIS,2,39.6332,-122.1898
Westlake village,2,34.1369,-118.822
COVELO,2,39.8025,-123.2499
FULTON,2,38.4937,-122.7734
manhattan beach,2,33.8895,-118.3972
Beckwourth,2,39.8485,-120.4111
Simi VAlley,2,34.2663,-118.749
Nicolaus,2,38.8981,-121.5729
Meridian,2,39.1404,-121.9079
TRINITY CENTER,2,40.9841,-122.7083
Nevada city,2,39.2607,-121.0231
livermore,2,37.6862,-121.7608
Palos Verdes estates,2,33.7871,-118.3976
LITTLE RIVER,2,39.2703,-123.7817
BURNT RANCH,2,40.811,-123.5082
SHAVER LAKE,2,37.0971,-119.3245
Rancho cucamonga,2,34.1248,-117.5666
Lake Isabella,2,35.6378,-118.4819
Fair oaks,2,38.6504,-121.2497
Morgan hill,2,37.1326,-121.6417
SIERRA CITY,2,39.574,-120.6297
HURON,2,36.2041,-120.0961
Mountain VieW,2,37.4,-122.0796
Coleville,2,38.5834,-119.516
Fairview,2,37.676,-122.048
MOUNT HERMON,2,37.0511,-122.0533
Edgewood,2,41.462,-122.426
eNCINITAS,2,33.049,-117.2613
NEEDLES,2,34.8164,-114.6189
Dana point,2,33.4733,-117.6968
Dobbins,2,39.3657,-121.2127
ROUND MOUNTAIN,2,40.8005,-121.9376
KLAMATH,2,41.5322,-124.0063
Chinese Camp,2,37.8703,-120.4443
Jacumba,2,32.6278,-116.1826
RUTHERFORD,2,38.4568,-122.4231
Pine grove,2,38.4074,-120.6606
San Antonio Heights,2,34.1571,-117.6592
OAK GLEN,2,34.0448,-116.9497
CAZADERO,2,38.5265,-123.0978
MOSS LANDING,2,36.8019,-121.7872
GREENVIEW,2,41.5471,-122.9185
Lake of the Woods,2,34.8226,-119.0027
Keyes,2,37.5618,-120.9088
santa Clara,2,37.3645,-121.968
MI-WUK VILLAGE,2,38.057,-120.179
Elmira,2,38.3523,-121.9077
BLOOMFIELD,2,38.3183,-122.8502
SKY VALLEY,2,33.8912,-116.3551
Shandon,2,35.6536,-120.3831
LIvermore,2,37.6862,-121.7608
Westley,2,37.5444,-121.2035
Stevinson,2,37.3247,-120.8497
El Paso de Robles,2,35.6394,-120.656
Menlo PArk,2,37.4686,-122.1672
NORTH SHORE,2,33.5157,-115.9092
LA Verne,2,34.1208,-117.7702
WATERLOO,2,38.0365,-121.1846
mountain View,2,37.4,-122.0796
oakland,2,37.7903,-122.2165
Orosi,2,36.5434,-119.2903
Canyon lake,2,33.6885,-117.2621
RedWood City,2,37.5026,-122.2252
laguna Niguel,2,33.5275,-117.705
LUCERNE,2,39.0697,-122.776
Marina del rey,2,33.9765,-118.4486
NICE,2,39.1266,-122.8526
San FRancisco,2,37.7562,-122.443
Adin,2,41.1964,-120.9494
Daly CIty,2,37.6862,-122.4685
Blythe,2,33.622,-114.6188
Monterey park,2,34.0497,-118.1326
LONE PINE,2,36.5774,-118.0777
PALO VERDE,2,33.4279,-114.7273
BLAIRSDEN,2,39.7752,-120.6109
PINE MOUNTAIN CLUB,2,34.8446,-119.1669
POINT ARENA,2,38.9123,-123.6955
New Cuyama,2,34.9421,-119.6808
McFarland,2,35.6781,-119.2414
San CLemente,2,33.4498,-117.6103
Rancho santa Margarita,2,33.6318,-117.5989
woodside,2,37.4222,-122.2591
LAKE OF THE WOODS,2,34.8226,-119.0027
El dorado Hills,2,38.675,-121.049
LA Mesa,2,32.7703,-117.0204
Rough And Ready,2,39.234,-121.1381
TALMAGE,2,39.1314,-123.1648
San Ardo,2,36.0237,-120.9074
Mendota,2,36.7555,-120.3776
FIDDLETOWN,2,38.5091,-120.7605
PORT COSTA,2,38.0446,-122.185
HORNITOS,2,37.5034,-120.242
Buttonwillow,2,35.4092,-119.4406
los Altos Hills,2,37.3671,-122.139
JURUPA VALLEY,2,34.001,-117.4705
Santa barbara,2,34.4285,-119.7202
San Luis obispo,2,35.2669,-120.6691
CRESTON,2,35.5173,-120.5211
TULELAKE,2,41.9534,-121.4752
Washington,2,39.3591,-120.7906
UPPER LAKE,2,39.1653,-122.9052
foster city,2,37.5553,-122.2659
Coloma,2,38.8026,-120.8946
Castro valley,2,37.7091,-122.0631
Smartsville,2,39.2053,-121.2928
GREELEY HILL,2,37.7569,-120.1291
COLUMBIA,2,38.0333,-120.4097
FELLOWS,2,35.1779,-119.5472
Vista Santa Rosa,2,33.6227,-116.2126
GERBER,2,40.0614,-122.1482
Rancho Santa fe,2,33.024,-117.1992
Leggett,2,39.8635,-123.7253
LOYALTON,2,39.6768,-120.2448
SHANDON,2,35.6536,-120.3831
KIRKWOOD,2,38.693,-120.064
Rail Road Flat,2,38.3168,-120.491
LATON,2,36.4338,-119.6916
Lake Of The Woods,2,34.8226,-119.0027
EAST LOS ANGELES,2,34.0326,-118.1691
La mesa,2,32.7703,-117.0204
San rafael,2,37.9905,-122.5222
burlingame,2,37.586,-122.3669
Stallion Springs,2,35.0935,-118.6477
SuiSun City,2,38.2473,-122.009
Santa Nella,2,37.1014,-121.0153
Half moon Bay,2,37.4688,-122.4383
BALLICO,2,37.4519,-120.7037
Big Pine,2,37.1655,-118.2952
Markleeville,2,38.6841,-119.8225
Firebaugh,1,36.8534,-120.4536
Mount shasta,1,41.3206,-122.315
Morada,1,38.0386,-121.2456
santa Cruz,1,36.9789,-122.0346
Los Molinos,1,40.027,-122.0981
Chalfant,1,37.5105,-118.375
redding,1,40.5698,-122.365
FRENCH GULCH,1,40.7166,-122.6312
ELK CREEK,1,39.6002,-122.5376
portola valley,1,37.3713,-122.2203
SEVILLE,1,36.4856,-119.2247
Gold river,1,38.6268,-121.2488
redondo Beach,1,33.8574,-118.3766
Sea Ranch,1,38.7165,-123.4527
Wawona,1,37.5482,-119.6395
Scotts valley,1,37.0555,-122.0118
Hydesville,1,40.5579,-124.0822
walnut,1,34.0334,-117.8593
south San Francisco,1,37.6536,-122.4197
San Juan capistrano,1,33.5009,-117.6544
alameda,1,37.767,-122.2672
san carlos,1,37.4982,-122.268
Rackerby,1,39.4261,-121.3542
TAYLORSVILLE,1,40.0586,-120.8387
Monte sereno,1,37.2404,-121.9882
EL Sobrante,1,33.8724,-117.4625
Point Arena,1,38.9123,-123.6955
Nevada CIty,1,39.2607,-121.0231
Oak park,1,34.1849,-118.7669
Vincent,1,34.0982,-117.9238
SAN ARDO,1,36.0237,-120.9074
san Gabriel,1,34.0948,-118.099
VISTA SANTA ROSA,1,33.6227,-116.2126
Randsburg,1,35.368,-117.6607
San bruno,1,37.6254,-122.4313
sIMI vALLEY,1,34.2663,-118.749
COLEVILLE,1,38.5834,-119.516
EL RIO,1,34.2452,-119.1568
Avenal,1,36.0311,-120.1162
ASHLAND,1,37.6942,-122.1159
Arvin,1,35.1944,-118.8306
rancho santa fe,1,33.024,-117.1992
NEWPORT bEACH,1,33.6151,-117.8669
Dustin Acres,1,35.2159,-119.375
LAKE CALIFORNIA,1,40.3608,-122.2102
FORBESTOWN,1,39.53,-121.2689
ARBUCKLE,1,39.0141,-122.061
DUTCH FLAT,1,39.208,-120.8345
McArthur,1,41.0415,-121.4068
Coto DE Caza,1,33.5961,-117.5862
LaDera Ranch,1,33.5491,-117.6416
Minkler,1,36.7277,-119.4587
Milford,1,40.1634,-120.3686
SHASTA LAKE,1,40.679,-122.3775
Graeagle,1,39.7572,-120.6486
Scotts VAlley,1,37.0555,-122.0118
laguna niguel,1,33.5275,-117.705
Shaver Lake,1,37.0971,-119.3245
DOUGLAS CITY,1,40.6636,-122.9261
Lemon grove,1,32.7331,-117.0344
SHELTER COVE,1,40.0389,-124.0558
Los osos,1,35.3068,-120.8249
FORT IRWIN,1,35.2476,-116.6834
Carmel Valley Village,1,36.4824,-121.7198
Bass Lake,1,37.328,-119.5668
Half Moon BAY,1,37.4688,-122.4383
LEWISTON,1,40.6969,-122.8225
ONYX,1,35.6839,-118.2102
Maxwell,1,39.2771,-122.1946
BODEGA,1,38.3488,-122.9712
camarillo,1,34.223,-119.0322
BEND,1,40.2561,-122.2095
davis,1,38.5552,-121.7365
Lamont,1,35.2651,-118.9159
Coulterville,1,37.7105,-120.1992
West sacramento,1,38.5557,-121.5504
SEELEY,1,32.7899,-115.6842
Cutten,1,40.7657,-124.1446
Whitewater,1,33.9356,-116.6873
west covina,1,34.0555,-117.9112
menlo Park,1,37.4686,-122.1672
Mill VAlley,1,37.9085,-122.5421
alamo,1,37.8546,-122.013
TEHAMA,1,40.0218,-122.1269
Santa rosa,1,38.4458,-122.7067
EL Monte,1,34.0739,-118.0291
East Los Angeles,1,34.0326,-118.1691
Riverdale,1,36.4304,-119.8671
Deer Park,1,38.536,-122.4679
montebello,1,34.0155,-118.1108
agoura Hills,1,34.151,-118.7608
MARINA del REY,1,33.9765,-118.4486
ORICK,1,41.2909,-124.0692
THousand Oaks,1,34.1914,-118.8755
TAHOE VISTA,1,39.2483,-120.0535
MERIDIAN,1,39.1404,-121.9079
palo alto,1,37.3913,-122.1468
SUnnyvale,1,37.3836,-122.0256
riverside,1,33.9381,-117.3948
Comptche,1,39.2651,-123.5896
Rio linda,1,38.6876,-121.4418
GOSHEN,1,36.3518,-119.421
Bloomfield,1,38.3183,-122.8502
Dorris,1,41.9644,-121.9205
morgan hill,1,37.1326,-121.6417
Snelling,1,37.5216,-120.4387
El Rio,1,34.2452,-119.1568
gilroy,1,37.0047,-121.5855
LOCKWOOD,1,35.9412,-121.0802
FREEPORT,1,38.4636,-121.5022
HayWard,1,37.6328,-122.0772
VAL VERDE,1,34.4504,-118.6717
Boulder creek,1,37.1341,-122.1271
INDEPENDENCE,1,36.8274,-118.2132
Burnt Ranch,1,40.811,-123.5082
sANTA bARBARA,1,34.4285,-119.7202
MEADOW VALLEY,1,39.9322,-121.0831
Chula vista,1,32.6281,-117.0145
Lost Hills,1,35.6254,-119.6789
Santa cruz,1,36.9789,-122.0346
Earlimart,1,35.8824,-119.2715
Camptonville,1,39.4521,-121.0488
BECKWOURTH,1,39.8485,-120.4111
Granite bay,1,38.7601,-121.1714
SAN Lorenzo,1,37.6737,-122.1349
Laguna NIguel,1,33.5275,-117.705
Oildale,1,35.4249,-119.0279
PoWay,1,32.9871,-117.0201
ANCHOR BAY,1,38.8126,-123.5704
San FranCisco,1,37.7562,-122.443
Menlo PARK,1,37.4686,-122.1672
Baldwin park,1,34.0829,-117.9721
Rancho santa Fe,1,33.024,-117.1992
Fellows,1,35.1779,-119.5472
CAmarillo,1,34.223,-119.0322
Tomales,1,38.247,-122.9054
San RaFael,1,37.9905,-122.5222
Los GAtos,1,37.2303,-121.956
Long Barn,1,38.0957,-120.1285
Pleasant HIll,1,37.954,-122.0759
NORTH SAN JUAN,1,39.3719,-121.106
el Cerrito,1,37.9197,-122.3025
HYDESVILLE,1,40.5579,-124.0822
San Lucas,1,36.1283,-121.0217
Myers Flat,1,40.2666,-123.8737
Cohasset,1,39.9022,-121.7453
DEL REY OAKS,1,36.5929,-121.8381
San JOSE,1,37.3019,-121.8486
south El Monte,1,34.0493,-118.0484
ALpine,1,32.8439,-116.7585
Sky Valley,1,33.8912,-116.3551
GIlroy,1,37.0047,-121.5855
SAn Carlos,1,37.4982,-122.268
HOPLAND,1,38.9691,-123.1173
DEER PARK,1,38.536,-122.4679
Santa ANa,1,33.7366,-117.8819
Walnut creek,1,37.9024,-122.0398
HOOPA,1,41.0802,-123.6972
FIllmore,1,34.3989,-118.9181
CHino,1,33.9836,-117.6654
fRESNO,1,36.7831,-119.7941
los Altos,1,37.3685,-122.0966
BRIDGEPORT,1,38.2562,-119.2123
San martin,1,37.0829,-121.5963
SAN Francisco,1,37.7562,-122.443
Ballard,1,34.634,-120.1156
castro valley,1,37.7091,-122.0631
Forbestown,1,39.53,-121.2689
MissIon Viejo,1,33.6095,-117.655
PAlo Alto,1,37.3913,-122.1468
GRAYSON,1,37.565,-121.1794
MIssion Viejo,1,33.6095,-117.655
half moon bay,1,37.4688,-122.4383
LEE VINING,1,37.9547,-119.1221
FAIRHAVEN,1,40.7885,-124.2013
SODA SPRINGS,1,39.3248,-120.3784
ramona,1,33.0474,-116.8767
Empire,1,37.6432,-120.9045
San MArino,1,34.1224,-118.1132
BUENA VISTA,1,38.2974,-120.9179
Beale AFB,1,39.1095,-121.3543
CaMarillo,1,34.223,-119.0322
Laguna hills,1,33.592,-117.6992
Palo Verde,1,33.4279,-114.7273
Santa BArbara,1,34.4285,-119.7202
Easton,1,36.6524,-119.7908
daly City,1,37.6862,-122.4685
YANKEE HILL,1,39.7007,-121.5147
VALLECITO,1,38.074,-120.4564
Douglas City,1,40.6636,-122.9261
MENDOTA,1,36.7555,-120.3776
Crescent Mills,1,40.1008,-120.9217
long Beach,1,33.7981,-118.1675
Ballico,1,37.4519,-120.7037
RANCHO SANTA Margarita,1,33.6318,-117.5989
Costa MesA,1,33.6667,-117.9135
pALMDALE,1,34.5944,-118.1057
Johannesburg,1,35.3718,-117.642
PIXLEY,1,35.9769,-119.2889
KNIGHTSEN,1,37.9633,-121.6511
BIG RIVER,1,34.1393,-114.3604
stanford,1,37.4252,-122.1674
Woodcrest,1,33.8789,-117.3686
Ladera ranch,1,33.5491,-117.6416
los gatos,1,37.2303,-121.956
pACIFICA,1,37.6112,-122.4781
Moreno VAlley,1,33.9244,-117.2045
knights Landing,1,38.7979,-121.7175
Redcrest,1,40.3987,-123.9474
CROWS LANDING,1,37.3947,-121.0843
SCOTIA,1,40.4774,-124.1032
Palos verdes Estates,1,33.7871,-118.3976
HIDDEN MEADOWS,1,33.2236,-117.1198
HUntington Beach,1,33.696,-118.0025
Hat Creek,1,40.8101,-121.4809
DOWNIEVILLE,1,39.5701,-120.8213
Rancho Palos verdes,1,33.7554,-118.3637
santa rosa,1,38.4458,-122.7067
Lee Vining,1,37.9547,-119.1221
Broadmoor,1,37.6914,-122.4811
laguna hills,1,33.592,-117.6992
LA honda,1,37.3182,-122.2651
McCloud,1,41.254,-122.136
Westlake VIllage,1,34.1369,-118.822
Carmel-By-The-Sea,1,36.5528,-121.9222
santa monica,1,34.0232,-118.4813
Saticoy,1,34.2819,-119.1452
CLIPPER MILLS,1,39.5324,-121.1666
Rio vista,1,38.1763,-121.7025
Sierraville,1,39.575,-120.3637
kensington,1,37.9084,-122.2805
Avery,1,38.1939,-120.379
Rosedale,1,35.3887,-119.2058
Cabazon,1,33.9127,-116.7828
Chino hills,1,33.9508,-117.7253
lomita,1,33.7933,-118.3175
GRIMES,1,39.0742,-121.8988
LOng Beach,1,33.7981,-118.1675
Thousand OaKS,1,34.1914,-118.8755
San ramon,1,37.7625,-121.9365
Caspar,1,39.3631,-123.8044
Newport BEACH,1,33.6151,-117.8669
culver city,1,34.0058,-118.3968
LOLETA,1,40.6409,-124.2225
Fair OakS,1,38.6504,-121.2497
MCFARLAND,1,35.6781,-119.2414
SaraToga,1,37.2684,-122.0263
Gerber,1,40.0614,-122.1482
needles,1,34.8164,-114.6189
MYERS FLAT,1,40.2666,-123.8737
PIKE,1,39.4278,-120.9996
villa park,1,33.818,-117.8104
LENNOX,1,33.938,-118.3586
VIsta,1,33.1896,-117.2386
los Gatos,1,37.2303,-121.956
El cajon,1,32.8017,-116.9605
oXnard,1,34.1963,-119.1815
Granite Hills,1,32.8033,-116.9056
TRES PINOS,1,36.7904,-121.3105
EL Centro,1,32.7867,-115.5586
GOODYEARS BAR,1,39.5458,-120.8881
carlsbad,1,33.1247,-117.2837
Beverly hills,1,34.0786,-118.4021
Blairsden,1,39.7752,-120.6109
Bear Valley Springs,1,35.1775,-118.646
Hermosa beach,1,33.8654,-118.3966
novato,1,38.092,-122.5576
Chino HIlls,1,33.9508,-117.7253
Rowland heights,1,33.9716,-117.8911
Calipatria,1,33.1493,-115.5056
Los alamitos,1,33.7972,-118.0594
WALLACE,1,38.1978,-120.9586
LAKE RIVERSIDE,1,33.5173,-116.8107
Weldon,1,35.6431,-118.3103
ELMIRA,1,38.3523,-121.9077
Rolling HIlls Estates,1,33.7783,-118.3509
LEMON COVE,1,36.379,-119.0312
Kennedy,1,37.929,-121.2457
CREST,1,32.8,-116.8671
oxnard,1,34.1963,-119.1815
FRANKLIN,1,37.3277,-120.5321
AVENAL,1,36.0311,-120.1162
LADERA HEIGHTS,1,33.9972,-118.374
bELMONT,1,37.5154,-122.2955
KEYES,1,37.5618,-120.9088
RIVER PINES,1,38.5454,-120.7475
JOHANNESBURG,1,35.3718,-117.642
MACDOEL,1,41.8258,-122.0058
LADERA,1,37.3996,-122.199
MOnterey,1,36.5922,-121.8807
Los ALtos Hills,1,37.3671,-122.139
CANBY,1,41.4477,-120.8843
Rio Dell,1,40.5022,-124.1103
South san Francisco,1,37.6536,-122.4197
Redondo beach,1,33.8574,-118.3766
